-- phpMyAdmin SQL Dump
-- version 3.3.2deb1ubuntu1
-- http://www.phpmyadmin.net
--
-- Host: localhost
-- Generation Time: Jan 15, 2013 at 10:35 AM
-- Server version: 5.1.41
-- PHP Version: 5.3.2-1ubuntu4.11

SET SQL_MODE="NO_AUTO_VALUE_ON_ZERO";


/*!40101 SET @OLD_CHARACTER_SET_CLIENT=@@CHARACTER_SET_CLIENT */;
/*!40101 SET @OLD_CHARACTER_SET_RESULTS=@@CHARACTER_SET_RESULTS */;
/*!40101 SET @OLD_COLLATION_CONNECTION=@@COLLATION_CONNECTION */;
/*!40101 SET NAMES utf8 */;

--
-- Database: `br`
--

-- --------------------------------------------------------

--
-- Table structure for table `buoy`
--

CREATE TABLE IF NOT EXISTS `buoy` (
  `buoyid` varchar(50) NOT NULL DEFAULT '',
  `name` varchar(255) DEFAULT NULL,
  PRIMARY KEY (`buoyid`)
) ENGINE=InnoDB DEFAULT CHARSET=latin1;

--
-- Dumping data for table `buoy`
--

INSERT INTO `buoy` (`buoyid`, `name`) VALUES
('46012', 'HALF MOON BAY - 24NM South Southwest of San Francisco, CA'),
('46026', '18NM West of San Francisco, CA '),
('46047', NULL),
('46059', 'Cali bouy- 357 nm west'),
('46086', NULL),
('46087', NULL),
('46214', 'Point Reyes'),
('46237', 'San Francisco Bar, CA'),
('51101', 'NORTHWESTERN HAWAII TWO - 190NM NW of Kauai Is'),
('51201', 'Waimea Bay - near shore'),
('51205', 'Pauwela, Maui, HI');

-- --------------------------------------------------------

--
-- Table structure for table `buoydata`
--

CREATE TABLE IF NOT EXISTS `buoydata` (
  `id` int(11) NOT NULL AUTO_INCREMENT,
  `reportid` int(11) NOT NULL,
  `buoy` varchar(255) DEFAULT NULL,
  `winddir` int(11) DEFAULT NULL,
  `windspeed` double DEFAULT NULL,
  `swellheight` double DEFAULT NULL,
  `swellperiod` double DEFAULT NULL,
  `swelldir` int(11) DEFAULT NULL,
  `tide` char(50) DEFAULT NULL,
  `gmttime` int(11) DEFAULT NULL,
  PRIMARY KEY (`id`)
) ENGINE=InnoDB  DEFAULT CHARSET=latin1 AUTO_INCREMENT=431 ;

--
-- Dumping data for table `buoydata`
--

INSERT INTO `buoydata` (`id`, `reportid`, `buoy`, `winddir`, `windspeed`, `swellheight`, `swellperiod`, `swelldir`, `tide`, `gmttime`) VALUES
(1, 1, '46026', 110, 11.2, 3, 11, 295, NULL, 1326901800),
(2, 1, '46237', NULL, NULL, 2.6, 17, 247, NULL, 1326903000),
(3, 2, '46026', 170, 17.9, 6.2, 11, 299, NULL, 1326991800),
(4, 2, '46237', NULL, NULL, 6.2, 10, 254, NULL, 1326993000),
(5, 3, '46026', 290, 20.1, 12.5, 11, 278, NULL, 1327182600),
(6, 3, '46237', NULL, NULL, 13.4, 12, 254, NULL, 1327183800),
(7, 5, '46237', NULL, NULL, 6.2, 12, 264, NULL, 1321891800),
(8, 5, '46026', 110, 11.2, 6.2, 11, 307, NULL, 1321890600),
(14, 9, '46026', 180, 29.1, 13.8, 13, 279, NULL, 1327297800),
(15, 9, '46237', NULL, NULL, 13.4, 14, 256, NULL, 1327299000),
(16, 10, '46012', 200, 4.5, 11.2, 15, 297, NULL, 1324237800),
(18, 11, '51205', NULL, NULL, 13.1, 15, 323, NULL, 1325704680),
(19, 12, '46026', 320, 4.5, 7.2, 11, 285, NULL, 1327510200),
(20, 12, '46237', NULL, NULL, 8.2, 12, 256, NULL, 1327511400),
(21, 13, '46026', 90, 8.9, 6.2, 12, 291, NULL, 1327783800),
(22, 13, '46237', NULL, NULL, 5.6, 13, 252, NULL, 1327781400),
(23, 13, '51205', NULL, NULL, 8.9, 18, 320, NULL, 1327781880),
(24, 14, '46026', 330, 13.4, 4.6, 13, 291, NULL, 1327801800),
(25, 14, '46237', NULL, NULL, 4.3, 11, 257, NULL, 1327799400),
(26, 14, '51205', NULL, NULL, 11.5, 18, 317, NULL, 1327799880),
(27, 15, '46026', 310, 13.4, 2.6, 11, 282, NULL, 1327888200),
(28, 15, '46237', NULL, NULL, 2.6, 12, 254, NULL, 1327889400),
(29, 16, '46026', 340, 2.2, 7.2, 16, 272, NULL, 1328208600),
(30, 16, '46237', NULL, NULL, 8.5, 17, 243, NULL, 1328209800),
(31, 17, '46026', 90, 15.7, 10.2, 14, 290, NULL, 1328385000),
(32, 17, '46237', NULL, NULL, 10.8, 14, 253, NULL, 1328386200),
(33, 18, '46012', 20, 2.2, 13.1, 14, 293, NULL, 1328388600),
(34, 18, '46214', NULL, NULL, 9.8, 14, 291, NULL, 1328389860),
(35, 18, '46237', NULL, NULL, 10.2, 13, 253, NULL, 1328389800),
(36, 19, '46026', 90, 15.7, 6.9, 15, 290, NULL, 1328471400),
(37, 19, '46237', NULL, NULL, 7.9, 14, 263, NULL, 1328470800),
(38, 20, '46026', 150, 13.4, 4.6, 13, 299, NULL, 1328547000),
(39, 20, '46237', NULL, NULL, 4.9, 13, 262, NULL, 1328548200),
(40, 21, '46012', 30, 6.7, 13.8, 16, 279, NULL, 1328712600),
(41, 21, '46214', NULL, NULL, 13.4, 17, 284, NULL, 1328715540),
(42, 21, '46237', NULL, NULL, 15.7, 17, 252, NULL, 1328715600),
(43, 22, '46012', 360, 8.9, 11.8, 16, 287, NULL, 1328737800),
(44, 22, '46214', NULL, NULL, 13.1, 15, 288, NULL, 1328737140),
(45, 22, '46237', NULL, NULL, 11.8, 15, 253, NULL, 1328737200),
(46, 23, '46012', 30, 2.2, 10.2, 17, 276, NULL, 1328802600),
(47, 23, '46214', NULL, NULL, 10.5, 14, 283, NULL, 1328803740),
(48, 23, '46237', NULL, NULL, 9.8, 18, 252, NULL, 1328803800),
(49, 24, '46012', 150, 8.9, 12.5, 15, 298, NULL, 1328892600),
(50, 24, '46237', NULL, NULL, 9.8, 13, 246, NULL, 1328893800),
(51, 24, '46026', 180, 13.4, 9.5, 14, 291, NULL, 1328892600),
(52, 27, '46026', 110, 4.5, 5.9, 13, 276, NULL, 1329771000),
(53, 27, '46237', NULL, NULL, 6.2, 12, 252, NULL, 1329770400),
(54, 28, '46247', NULL, NULL, 7.9, 15, 287, NULL, 1330446060),
(55, 31, '46026', 100, 11.2, 4.6, 11, 286, NULL, 1330800600),
(56, 31, '46237', NULL, NULL, 4.3, 11, 260, NULL, 1330801800),
(57, 32, '46026', 100, 2.2, 4.6, 10, 287, NULL, 1330811400),
(58, 32, '46237', NULL, NULL, 3.9, 11, 263, NULL, 1330812600),
(59, 35, '46026', 310, 15.7, 4.3, 16, 294, NULL, 1330905000),
(60, 35, '46237', NULL, NULL, 5.6, 17, 249, NULL, 1330906200),
(61, 36, '46026', 90, 4.5, 3.9, 17, 291, NULL, 1330879800),
(62, 36, '46237', NULL, NULL, 3, 18, 246, NULL, 1330881000),
(63, 37, '46026', NULL, NULL, 4.9, 11, 300, NULL, 1331225400),
(64, 37, '46237', NULL, NULL, 3.9, 12, 264, NULL, 1331224800),
(65, 38, '46026', 310, 8.9, 3.3, 12, 298, NULL, 1331311800),
(66, 38, '46237', NULL, NULL, 2.6, 13, 257, NULL, 1331313000),
(67, 39, '46026', NULL, NULL, 7.2, 15, 306, NULL, 1331409000),
(68, 39, '46237', NULL, NULL, 7.2, 14, 260, NULL, 1331408400),
(69, 40, '46026', 250, 6.7, 6.2, 13, 285, NULL, 1331502600),
(70, 40, '46237', NULL, NULL, 5.6, 13, 266, NULL, 1331503800),
(71, 41, '46026', 20, 6.7, 7.5, 11, 288, NULL, 1332172200),
(72, 41, '46237', NULL, NULL, 6.6, 12, 264, NULL, 1332173400),
(73, 42, '46026', 120, 6.7, 5.6, 11, 283, NULL, 1332262200),
(74, 42, '46237', NULL, NULL, 4.6, 11, 250, NULL, 1332259800),
(75, 43, '46026', 260, 2.2, 4.6, 9, 277, NULL, 1332301800),
(76, 43, '46237', NULL, NULL, 4.3, 11, 263, NULL, 1332303000),
(77, 45, '46026', 280, 6.7, 8.5, 15, 290, NULL, 1332359400),
(78, 45, '46237', NULL, NULL, 7.5, 15, 262, NULL, 1332360600),
(79, 47, '46026', 60, 13.4, 6.9, 12, 302, NULL, 1332697800),
(80, 47, '46237', NULL, NULL, 6.6, 13, 263, NULL, 1332699000),
(81, 48, '46086', 280, 8.9, 6.2, 13, 290, NULL, 1333129800),
(82, 48, '46047', 310, 20.1, 9.2, 11, 301, NULL, 1333129800),
(83, 49, '46086', 330, 4.5, 7.5, 17, 223, NULL, 1333209000),
(84, 49, '46047', 280, 8.9, 10.5, 16, 301, NULL, 1333209000),
(85, 50, '46012', 320, 20.1, 18.7, 16, 286, NULL, 1333306200),
(86, 50, '46026', 320, 20.1, 15.1, 15, 277, NULL, 1333306200),
(87, 51, '46086', 310, 8.9, 12.1, 15, 290, NULL, 1333378200),
(88, 52, '46086', 10, 4.5, 7.9, 14, 275, NULL, 1333464600),
(89, 53, '46026', 80, 11.2, 3.6, 9, 307, NULL, 1333821000),
(90, 53, '46237', NULL, NULL, 3.3, 10, 271, NULL, 1333818600),
(91, 54, '46026', 310, 22.4, 10.8, 14, 300, NULL, 1334433000),
(92, 54, '46237', NULL, NULL, 11.8, 14, 253, NULL, 1334434200),
(93, 54, '46214', NULL, NULL, 14.4, 14, 298, NULL, 1334434860),
(97, 56, '46026', 320, 11.2, 5.2, 10, 277, NULL, 1335023400),
(98, 56, '46237', NULL, NULL, 6.2, 11, 253, NULL, 1335024600),
(99, 57, '46026', 150, 6.7, 3.3, 11, 268, NULL, 1335369000),
(100, 57, '46237', NULL, NULL, 3, 11, 249, NULL, 1335370200),
(101, 58, '46026', NULL, 17.9, 5.2, 7, 302, NULL, 1337478600),
(102, 58, '46237', NULL, NULL, 4.9, 7, 276, NULL, 1337479800),
(103, 59, '46026', NULL, 17.9, 3.9, 6, 301, NULL, 1337568600),
(104, 59, '46237', NULL, NULL, 3.9, 4, 287, NULL, 1337566200),
(105, 60, '46026', NULL, 29.1, 8.5, 11, 295, NULL, 1337874600),
(106, 60, '46237', NULL, NULL, 8.9, 11, 257, NULL, 1337874000),
(107, 60, '46214', NULL, NULL, 10.5, 11, 299, NULL, 1337874660),
(108, 61, '46026', NULL, 2.2, 6.9, 10, 294, NULL, 1338087000),
(109, 62, '46026', NULL, 6.7, 4.3, 8, 288, NULL, 1338141000),
(110, 62, '46237', NULL, NULL, 4.6, 12, 259, NULL, 1338142200),
(111, 63, '46026', NULL, 8.9, 4.9, 10, 302, NULL, 1338133800),
(112, 63, '46237', NULL, NULL, 4.6, 11, 250, NULL, 1338140400),
(113, 64, '46026', NULL, 11.2, 2.6, 8, 286, NULL, 1338227400),
(114, 64, '46237', NULL, NULL, 3, 10, 257, NULL, 1338230400),
(115, 65, '46026', NULL, 6.7, 3.3, 11, 273, NULL, 1338821400),
(116, 65, '46237', NULL, NULL, 3.3, 10, 260, NULL, 1338820800),
(117, 66, '46026', NULL, 15.7, 5.9, 8, 289, NULL, 1338907800),
(118, 66, '46237', NULL, NULL, 5.9, 8, 256, NULL, 1338907200),
(119, 66, '46059', 350, 15.7, 6.6, 15, NULL, NULL, 1338907800),
(120, 68, '46026', NULL, 24.6, 7.2, 8, 305, NULL, 1338994200),
(121, 68, '46237', NULL, NULL, 6.2, 8, 266, NULL, 1338995400),
(122, 68, '46059', 310, 26.8, NULL, NULL, NULL, NULL, 1338987000),
(123, 69, '46026', NULL, 17.9, 9.5, 9, 306, NULL, 1339253400),
(124, 69, '46237', NULL, NULL, 8.5, 9, 270, NULL, 1339252800),
(125, 70, '46026', NULL, 8.9, 6.2, 9, 300, NULL, 1339429800),
(126, 70, '46237', NULL, NULL, 4.9, 10, 271, NULL, 1339429200),
(127, 71, '46026', NULL, 13.4, 8.2, 11, 293, NULL, 1339343400),
(128, 71, '46237', NULL, NULL, 7.9, 11, 271, NULL, 1339342800),
(129, 72, '46026', NULL, 13.4, 6.6, 8, 302, NULL, 1339512600),
(130, 72, '46237', NULL, NULL, 4.3, 8, 274, NULL, 1339512000),
(131, 73, '46026', NULL, 8.9, 5.9, 9, 308, NULL, 1339879800),
(132, 73, '46237', NULL, NULL, 4.3, 12, 257, NULL, 1339879200),
(133, 74, '46026', NULL, 6.7, 6.9, 8, 300, NULL, 1340200200),
(134, 74, '46237', NULL, NULL, 6.9, 12, 259, NULL, 1340201400),
(135, 76, '46026', NULL, 8.9, 3, 16, 225, NULL, 1340412600),
(136, 76, '46237', NULL, NULL, 2.6, 14, 226, NULL, 1340413800),
(137, 77, '46026', NULL, 4.5, 3.9, 15, 220, NULL, 1340470200),
(138, 77, '46237', NULL, NULL, 3.3, 15, 232, NULL, 1340471400),
(139, 78, '46026', NULL, 4.5, 3, 15, 199, NULL, 1340542200),
(140, 78, '46237', NULL, NULL, 3, 14, 229, NULL, 1340543400),
(141, 80, '46026', NULL, 4.5, 3.6, 8, 292, NULL, 1340643000),
(142, 80, '46237', NULL, NULL, 3.6, 14, 225, NULL, 1340642400),
(143, 81, '46026', NULL, 6.7, 3.6, 14, 209, NULL, 1340639400),
(144, 81, '46237', NULL, NULL, 3.6, 14, 225, NULL, 1340638800),
(145, 82, '46026', NULL, 13.4, 3.9, 8, 282, NULL, 1340725800),
(146, 82, '46237', NULL, NULL, 3.3, 8, 266, NULL, 1340725200),
(147, 83, '46026', NULL, 13.4, 3.9, 8, 282, NULL, 1340725800),
(148, 83, '46237', NULL, NULL, 3.6, 9, NULL, NULL, 1340727000),
(149, 84, '46012', 310, 20.1, NULL, NULL, NULL, NULL, 1341690600),
(150, 84, '46026', NULL, 11.2, 4.9, 17, 193, NULL, 1341690600),
(151, 85, '46026', NULL, 15.7, 4.3, 16, 227, NULL, 1341766200),
(152, 85, '46237', NULL, NULL, 4.3, 17, 229, NULL, 1341763800),
(153, 86, '46026', NULL, 15.7, 4.3, 16, 227, NULL, 1341766200),
(154, 86, '46237', NULL, NULL, 4.6, 17, 229, NULL, 1341765600),
(155, 87, '46026', NULL, 6.7, 3.6, 9, 293, NULL, 1342536600),
(156, 87, '46237', NULL, NULL, 3, 10, 262, NULL, 1342537800),
(157, 88, '46026', NULL, 4.5, 3.3, 10, 266, NULL, 1342561800),
(158, 89, '46012', 310, 17.9, 8.9, 10, 314, NULL, 1342979400),
(159, 90, '46026', NULL, 11.2, 5.2, 11, 304, NULL, 1343145000),
(160, 90, '46214', NULL, NULL, 5.9, 12, 290, NULL, 1343143260),
(161, 91, '46026', NULL, 4.5, 3, 14, 199, NULL, 1343271000),
(162, 91, '46214', NULL, NULL, 3.9, 13, 181, NULL, 1343271060),
(163, 92, '46026', NULL, 17.9, 5.9, 8, 302, NULL, 1343497800),
(164, 92, '46237', NULL, NULL, 4.3, 8, 274, NULL, 1343495880),
(165, 92, '46214', NULL, NULL, 9.2, 7, 319, NULL, 1343496060),
(166, 94, '46026', NULL, 11.2, 3.9, 9, 293, NULL, 1346165400),
(167, 94, '46214', NULL, NULL, 4.6, 10, 299, NULL, 1346167260),
(168, 96, '46026', NULL, 4.5, NULL, NULL, NULL, NULL, 1347551400),
(169, 96, '46237', NULL, NULL, 3, 11, 281, NULL, 1347563880),
(170, 96, '46214', NULL, NULL, 5.6, 9, 322, NULL, 1347551460),
(171, 97, '46026', NULL, 11.2, 5.6, 11, 321, NULL, 1347461400),
(172, 97, '46214', NULL, NULL, 8.5, 11, 323, NULL, 1347461460),
(176, 99, '46026', NULL, 2.2, 2.6, 15, 187, NULL, 1347814200),
(177, 99, '46237', NULL, NULL, 2.6, 17, 226, NULL, 1347815880),
(178, 99, '46214', NULL, NULL, 4.3, 15, 193, NULL, 1347812460),
(182, 101, '46026', NULL, 2.2, 8.2, 16, 280, NULL, 1348501800),
(183, 101, '46237', NULL, NULL, 7.5, 15, 270, NULL, 1348503480),
(184, 101, '46214', NULL, NULL, 12.5, 17, 291, NULL, 1348503660),
(185, 102, '46026', NULL, NULL, 9.8, 16, 291, NULL, 1348519800),
(186, 102, '46237', NULL, NULL, 7.5, 17, 267, NULL, 1348517880),
(187, 102, '46214', NULL, NULL, 11.8, 17, 288, NULL, 1348518060),
(188, 103, '46012', 310, 11.2, NULL, NULL, NULL, NULL, 1348523400),
(189, 103, '46237', NULL, NULL, 7.2, 15, 270, NULL, 1348523280),
(190, 103, '46026', NULL, 2.2, 8.9, 16, 280, NULL, 1348523400),
(191, 104, '46026', NULL, NULL, 4.6, 8, 310, NULL, 1348761000),
(192, 104, '46237', NULL, NULL, 4.6, 17, 231, NULL, 1348760880),
(193, 104, '46214', NULL, NULL, 6.2, 10, 304, NULL, 1348761060),
(194, 105, '46026', NULL, NULL, 4.6, 8, 310, NULL, 1348761000),
(195, 105, '46237', NULL, NULL, 3.9, 18, 238, NULL, 1348762680),
(196, 105, '46214', NULL, NULL, 6.2, 9, 314, NULL, 1348762860),
(197, 106, '46026', NULL, 4.5, 3.3, 17, 209, NULL, 1348883400),
(198, 106, '46237', NULL, NULL, 3.6, 17, 247, NULL, 1348881480),
(199, 106, '46214', NULL, NULL, 4.9, 15, 215, NULL, 1348881660),
(200, 107, '46214', NULL, NULL, 6.2, 14, 291, NULL, 1348939260),
(201, 107, '46237', NULL, NULL, 5.2, 15, 257, NULL, 1348940880),
(202, 108, '46026', NULL, 2.2, 6.2, 14, 298, NULL, 1348941000),
(203, 108, '46237', NULL, NULL, 5.2, 15, 257, NULL, 1348940880),
(204, 108, '46214', NULL, NULL, 8.5, 13, 288, NULL, 1348941060),
(205, 109, '46026', NULL, 6.7, 6.2, 13, 293, NULL, 1348951800),
(206, 109, '46237', NULL, NULL, 5.6, 13, 281, NULL, 1348953480),
(207, 109, '46214', NULL, NULL, 7.5, 13, 299, NULL, 1348953660),
(208, 111, '46026', NULL, 2.2, 6.6, 12, 299, NULL, 1349023800),
(209, 111, '46237', NULL, NULL, 5.9, 13, 273, NULL, 1349025480),
(210, 111, '46214', NULL, NULL, 7.9, 13, 290, NULL, 1349025660),
(211, 112, '46026', NULL, 11.2, 6.6, 14, 280, NULL, 1349031000),
(212, 112, '46237', NULL, NULL, 6.2, 15, 260, NULL, 1349030880),
(213, 112, '46214', NULL, NULL, 7.9, 12, 298, NULL, 1349029260),
(214, 113, '46026', NULL, 15.7, 6.2, 13, 281, NULL, 1349056200),
(215, 113, '46237', NULL, NULL, 5.9, 14, 273, NULL, 1349056080),
(216, 113, '46214', NULL, NULL, 7.5, 13, 294, NULL, 1349054460),
(217, 114, '46026', NULL, 13.4, 6.6, 14, 265, NULL, 1349034600),
(218, 114, '46237', NULL, NULL, 5.6, 13, 269, NULL, 1349034480),
(219, 114, '46214', NULL, NULL, 8.5, 14, 287, NULL, 1349034660),
(220, 115, '46026', NULL, 13.4, 5.2, 11, 284, NULL, 1349128200),
(221, 115, '46237', NULL, NULL, 4.3, 15, 239, NULL, 1349128080),
(222, 115, '46214', NULL, NULL, 6.2, 13, 314, NULL, 1349126460),
(223, 116, '46026', NULL, 2.2, 5.2, 16, 189, NULL, 1349106600),
(224, 116, '46237', NULL, NULL, 5.2, 17, 229, NULL, 1349106480),
(225, 116, '46214', NULL, NULL, 7.2, 11, 314, NULL, 1349106660),
(226, 117, '46026', NULL, 15.7, 4.6, 16, 208, NULL, 1349229000),
(227, 117, '46237', NULL, NULL, 3.9, 17, 232, NULL, 1349228880),
(228, 117, '46214', NULL, NULL, 6.9, 10, 326, NULL, 1349229060),
(229, 118, '46026', NULL, 2.2, 4.9, 11, 315, NULL, 1349279400),
(230, 118, '46237', NULL, NULL, 4.3, 15, 225, NULL, 1349279280),
(231, 118, '46214', NULL, NULL, 8.9, 10, 322, NULL, 1349279460),
(232, 119, '46026', NULL, 4.5, 3.9, 11, 303, NULL, 1349398200),
(233, 119, '46237', NULL, NULL, 3.3, 17, 225, NULL, 1349399880),
(234, 119, '46214', NULL, NULL, 5.2, 10, 330, NULL, 1349400060),
(235, 120, '46026', NULL, 6.7, 4.3, 16, 208, NULL, 1349452200),
(236, 120, '46237', NULL, NULL, 3.3, 15, 231, NULL, 1349453880),
(237, 120, '46214', NULL, NULL, 4.3, 15, 194, NULL, 1349454060),
(238, 121, '46026', NULL, 6.7, 3.3, 15, 258, NULL, 1349628600),
(239, 121, '46237', NULL, NULL, 3.6, 15, 266, NULL, 1349628480),
(240, 121, '46214', NULL, NULL, 3.9, 17, 236, NULL, 1349628660),
(241, 122, '46026', NULL, 4.5, 3.3, 16, 281, NULL, 1349632200),
(242, 122, '46237', NULL, NULL, 3.6, 15, 269, NULL, 1349632080),
(243, 122, '46214', NULL, NULL, 4.6, 14, 266, NULL, 1349632260),
(244, 123, '46026', NULL, 4.5, 3.6, 15, 217, NULL, 1349711400),
(245, 123, '46237', NULL, NULL, 3, 13, 260, NULL, 1349709480),
(246, 123, '46214', NULL, NULL, 3.9, 13, 288, NULL, 1349707860),
(247, 124, '46026', NULL, 2.2, 2.6, 11, 276, NULL, 1349805000),
(248, 124, '46237', NULL, NULL, 2.6, 12, 253, NULL, 1349804880),
(249, 124, '46214', NULL, NULL, 3.3, 13, 219, NULL, 1349805060),
(250, 125, '46026', NULL, 13.4, 3.9, 19, 274, NULL, 1349880600),
(251, 125, '46237', NULL, NULL, 3.9, 20, 256, NULL, 1349880480),
(252, 125, '46214', NULL, NULL, 5.9, 18, 302, NULL, 1349880660),
(253, 126, '46026', NULL, 11.2, 4.6, 19, 276, NULL, 1349887800),
(254, 126, '46237', NULL, NULL, 4.6, 18, 267, NULL, 1349885880),
(255, 126, '46214', NULL, NULL, 5.6, 18, 301, NULL, 1349886060),
(256, 128, '46026', NULL, 2.2, 3.9, 14, 279, NULL, 1350060600),
(257, 128, '46237', NULL, NULL, 3.9, 13, 267, NULL, 1350060480),
(258, 128, '46214', NULL, NULL, 4.6, 13, 284, NULL, 1350060660),
(259, 129, '46026', NULL, 6.7, 4.3, 13, 273, NULL, 1350064200),
(260, 129, '46237', NULL, NULL, 3.3, 14, 262, NULL, 1350065880),
(261, 129, '46214', NULL, NULL, 4.9, 13, 273, NULL, 1350066060),
(262, 130, '46026', NULL, 13.4, 4.9, 16, 286, NULL, 1349970600),
(263, 130, '46237', NULL, NULL, 4.6, 17, 266, NULL, 1349972280),
(264, 130, '46214', NULL, NULL, 5.6, 15, 287, NULL, 1349972460),
(265, 131, '46026', NULL, 13.4, 4.9, 16, 286, NULL, 1349970600),
(266, 131, '46237', NULL, NULL, 4.6, 17, 266, NULL, 1349972280),
(267, 131, '46214', NULL, NULL, 5.6, 15, 287, NULL, 1349972460),
(268, 132, '46026', NULL, NULL, 3.9, 13, 289, NULL, 1350147000),
(269, 132, '46237', NULL, NULL, 4.3, 12, 266, NULL, 1350146880),
(270, 132, '46214', NULL, NULL, 5.6, 11, 281, NULL, 1350145260),
(271, 133, '46026', NULL, NULL, 3.6, 13, 278, NULL, 1350143400),
(272, 133, '46237', NULL, NULL, 3.9, 12, 266, NULL, 1350145080),
(273, 133, '46214', NULL, NULL, 5.6, 11, 281, NULL, 1350145260),
(274, 134, '46026', NULL, 11.2, 4.6, 11, 283, NULL, 1350168600),
(275, 134, '46237', NULL, NULL, 4.6, 12, 266, NULL, 1350170280),
(276, 134, '46214', NULL, NULL, 5.2, 10, 278, NULL, 1350170460),
(277, 135, '46026', NULL, 8.9, 3.9, 11, 285, NULL, 1350226200),
(278, 135, '46237', NULL, NULL, 3.6, 12, 266, NULL, 1350227880),
(279, 135, '46214', NULL, NULL, 4.9, 11, 283, NULL, 1350228060),
(280, 136, '46026', NULL, 11.2, 5.2, 15, 285, NULL, 1350319800),
(281, 136, '46237', NULL, NULL, 4.9, 14, 267, NULL, 1350321480),
(282, 136, '46214', NULL, NULL, 7.9, 14, 308, NULL, 1350321660),
(283, 137, '46026', NULL, 13.4, 7.5, 14, 282, NULL, 1350395400),
(284, 137, '46237', NULL, NULL, 7.9, 13, 280, NULL, 1350395280),
(285, 137, '46214', NULL, NULL, 10.2, 13, 295, NULL, 1350395460),
(286, 138, '46026', NULL, 6.7, 7.2, 11, 301, NULL, 1350564600),
(287, 138, '46237', NULL, NULL, 5.9, 11, 270, NULL, 1350564480),
(288, 138, '46214', NULL, NULL, 9.5, 11, 307, NULL, 1350564660),
(289, 139, '46026', NULL, 11.2, 6.9, 11, 291, NULL, 1350586200),
(290, 139, '46237', NULL, NULL, 4.9, 11, 273, NULL, 1350586080),
(291, 139, '46214', NULL, NULL, 9.2, 13, 318, NULL, 1350586260),
(292, 140, '46026', NULL, NULL, 4.6, 12, 302, NULL, 1350661800),
(293, 140, '46237', NULL, NULL, 3.6, 13, 285, NULL, 1350661680),
(294, 140, '46214', NULL, NULL, 5.9, 13, 318, NULL, 1350661860),
(295, 141, '46026', NULL, 2.2, 3.6, 11, 300, NULL, 1350676200),
(296, 141, '46237', NULL, NULL, 3.3, 13, 256, NULL, 1350676080),
(297, 141, '46214', NULL, NULL, 4.9, 13, 330, NULL, 1350676260),
(298, 142, '46026', NULL, 8.9, 6.2, 11, 295, NULL, 1351093800),
(299, 142, '46237', NULL, NULL, 4.9, 11, 280, NULL, 1351093680),
(300, 142, '46214', NULL, NULL, 6.9, 11, 308, NULL, 1351093860),
(301, 143, '46026', NULL, 13.4, 3.6, 9, 297, NULL, 1351187400),
(302, 143, '46237', NULL, NULL, 3, 18, 249, NULL, 1351185480),
(303, 143, '46214', NULL, NULL, 4.9, 18, 209, NULL, 1351185660),
(304, 144, '46026', NULL, 11.2, 4.6, 8, 279, NULL, 1351443000),
(305, 144, '46237', NULL, NULL, 3.6, 14, 270, NULL, 1351444680),
(306, 144, '46214', NULL, NULL, 6.6, 14, 269, NULL, 1351444860),
(307, 145, '46026', NULL, 15.7, 4.3, 14, 284, NULL, 1351457400),
(308, 145, '46237', NULL, NULL, 4.3, 13, 257, NULL, 1351459080),
(309, 145, '46214', NULL, NULL, 5.2, 14, 287, NULL, 1351457460),
(310, 146, '46026', NULL, 8.9, 3.9, 9, 277, NULL, 1351965000),
(311, 146, '46237', NULL, NULL, 4.6, 10, 266, NULL, 1351964880),
(312, 146, '46214', NULL, NULL, 4.9, 9, 259, NULL, 1351965060),
(313, 147, '46026', NULL, 11.2, 4.3, 9, 266, NULL, 1351990200),
(314, 147, '46237', NULL, NULL, 3.3, 9, 266, NULL, 1351990080),
(315, 147, '46214', NULL, NULL, 4.6, 8, 270, NULL, 1351990260),
(316, 149, '46026', NULL, 4.5, 5.9, 12, 288, NULL, 1352040600),
(317, 149, '46237', NULL, NULL, 6.6, 12, 267, NULL, 1352042280),
(318, 149, '46214', NULL, NULL, 8.5, 13, 301, NULL, 1352042460),
(319, 150, '46026', NULL, 13.4, 6.2, 11, 295, NULL, 1352134200),
(320, 150, '46237', NULL, NULL, 5.6, 12, 280, NULL, 1352134080),
(321, 150, '46214', NULL, NULL, 8.9, 12, 304, NULL, 1352132460),
(322, 151, '46026', NULL, 8.9, 7.5, 14, 300, NULL, 1352220600),
(323, 151, '46237', NULL, NULL, 7.5, 15, 263, NULL, 1352220480),
(324, 151, '46214', NULL, NULL, 8.9, 13, 288, NULL, 1352220660),
(325, 152, '46026', NULL, 4.5, 6.6, 11, 288, NULL, 1352051400),
(326, 152, '46237', NULL, NULL, 6.9, 13, 274, NULL, 1352051280),
(327, 152, '46214', NULL, NULL, 9.8, 11, 284, NULL, 1352051460),
(328, 153, '46026', NULL, 8.9, 6.6, 14, 279, NULL, 1352213400),
(329, 153, '46237', NULL, NULL, 7.9, 14, 270, NULL, 1352215080),
(330, 153, '46214', NULL, NULL, 10.5, 14, 292, NULL, 1352215260),
(331, 155, '46026', NULL, 11.2, 4.3, 10, 306, NULL, 1352656200),
(332, 155, '46237', NULL, NULL, 3, 14, 224, NULL, 1352656080),
(333, 155, '46214', NULL, NULL, 6.2, 11, 329, NULL, 1352656260),
(334, 156, '46026', NULL, 11.2, 4.3, 11, 286, NULL, 1352821800),
(335, 156, '46237', NULL, NULL, 3.9, 9, 264, NULL, 1352821680),
(336, 156, '46214', NULL, NULL, 4.9, 13, 269, NULL, 1352821860),
(337, 157, '46026', NULL, 15.7, 3.6, 12, 279, NULL, 1352911800),
(338, 157, '46237', NULL, NULL, 2.6, 12, 277, NULL, 1352913480),
(339, 157, '46214', NULL, NULL, 4.6, 12, 305, NULL, 1352913660),
(340, 158, '46026', NULL, 20.1, 5.6, 17, 270, NULL, 1353113400),
(341, 158, '46237', NULL, NULL, 4.9, 18, 256, NULL, 1353113280),
(342, 158, '46214', NULL, NULL, 7.9, 18, 305, NULL, 1353113460),
(343, 159, '46026', NULL, 8.9, 9.8, 15, 285, NULL, 1353279000),
(344, 159, '46237', NULL, NULL, 7.9, 14, 264, NULL, 1353280680),
(345, 159, '46214', NULL, NULL, 13.1, 13, 308, NULL, 1353279060),
(346, 160, '46237', NULL, NULL, 8.5, 14, 271, NULL, 1353538080),
(347, 160, '46026', NULL, 11.2, 9.5, 12, 291, NULL, 1353538200),
(348, 161, '46237', NULL, NULL, 9.5, 13, 271, NULL, 1353610080),
(349, 161, '46026', NULL, 4.5, 8.9, 13, 305, NULL, 1353610200),
(350, 162, '46026', NULL, NULL, 4.9, 15, 222, NULL, 1353693000),
(351, 162, '46237', NULL, NULL, 4.9, 11, 274, NULL, 1353694680),
(352, 162, '46214', NULL, NULL, 5.9, 11, 284, NULL, 1353694860),
(353, 163, '46026', NULL, 11.2, 9.8, 13, 289, NULL, 1354495800),
(354, 163, '46237', NULL, NULL, 10.2, 13, 271, NULL, 1354495680),
(355, 163, '46214', NULL, NULL, 12.5, 13, 290, NULL, 1354495860),
(356, 164, '46026', NULL, NULL, 6.6, 11, 289, NULL, 1354575000),
(357, 164, '46237', NULL, NULL, 5.9, 11, 274, NULL, 1354574880),
(358, 164, '46214', NULL, NULL, 9.2, 11, 294, NULL, 1354575060),
(359, 165, '46026', NULL, 15.7, 3.6, 10, 277, NULL, 1354639800),
(360, 165, '46237', NULL, NULL, 3.9, 11, 273, NULL, 1354639680),
(361, 165, '46214', NULL, NULL, 5.6, 11, 288, NULL, 1354639860),
(362, 166, '46026', NULL, NULL, 6.9, 8, 308, NULL, 1354902600),
(363, 166, '46237', NULL, NULL, 5.2, 12, 269, NULL, 1354900680),
(364, 166, '46214', NULL, NULL, 9.8, 8, 321, NULL, 1354900860),
(365, 167, '46026', NULL, NULL, 6.9, 8, 308, NULL, 1354902600),
(366, 167, '46237', NULL, NULL, 4.9, 9, 276, NULL, 1354902480),
(367, 167, '46214', NULL, NULL, 9.8, 8, 325, NULL, 1354902660),
(368, 168, '46026', NULL, NULL, 6.2, 11, 304, NULL, 1354989000),
(369, 168, '46237', NULL, NULL, 3.6, 11, 273, NULL, 1354988880),
(370, 168, '46214', NULL, NULL, 8.2, 11, 312, NULL, 1354989060),
(371, 169, '46026', NULL, NULL, 6.9, 11, 308, NULL, 1355079000),
(372, 169, '46237', NULL, NULL, 4.6, 10, 273, NULL, 1355078880),
(373, 169, '46214', NULL, NULL, 11.5, 11, 316, NULL, 1355079060),
(374, 170, '46026', NULL, NULL, 4.6, 8, 302, NULL, 1355161800),
(375, 170, '46237', NULL, NULL, 3.6, 10, 280, NULL, 1355159880),
(376, 170, '46214', NULL, NULL, 6.2, 8, 325, NULL, 1355160060),
(377, 171, '46026', NULL, NULL, 4.9, 9, 307, NULL, 1355158200),
(378, 171, '46237', NULL, NULL, 3.6, 10, 280, NULL, 1355159880),
(379, 171, '46214', NULL, NULL, 6.2, 8, 325, NULL, 1355160060),
(380, 172, '46026', 80, 13.4, 9.8, 13, NULL, NULL, 1355421000),
(381, 172, '46237', NULL, NULL, 6.9, 13, 271, NULL, 1355420880),
(382, 172, '46214', NULL, NULL, 14.4, 13, 319, NULL, 1355421060),
(383, 173, '46026', 170, 8.9, 5.6, 10, NULL, NULL, 1355593800),
(384, 173, '46237', NULL, NULL, 3.6, 11, 277, NULL, 1355593680),
(385, 173, '46214', NULL, NULL, 8.9, 10, 318, NULL, 1355593860),
(386, 174, '46026', 110, 13.4, 5.2, 16, NULL, NULL, 1355680200),
(387, 174, '46237', NULL, NULL, 5.6, 6, 204, NULL, 1355680080),
(388, 174, '46214', NULL, NULL, 7.9, 15, 298, NULL, 1355680260),
(389, 175, '51205', NULL, NULL, 8.5, 8, 61, NULL, 1355887080),
(390, 175, '46214', NULL, NULL, 13.4, 13, 309, NULL, 1355887260),
(391, 176, '46026', 110, 6.7, 8.5, 14, NULL, NULL, 1355939400),
(392, 176, '46214', NULL, NULL, 14.4, 14, 312, NULL, 1355939460),
(393, 177, '46026', 140, 22.4, 5.2, 11, NULL, NULL, 1356468600),
(394, 178, '51205', NULL, NULL, 9.8, 17, 321, NULL, 1356482880),
(395, 179, '46026', 100, 15.7, 7.9, 21, NULL, NULL, 1356742200),
(396, 179, '46214', NULL, NULL, 8.9, 22, 291, NULL, 1356740460),
(397, 180, '51205', NULL, NULL, 9.8, 17, 316, NULL, 1356923880),
(398, 180, '51101', 280, 13.4, 16.1, 16, 291, NULL, 1356922200),
(399, 180, '51201', NULL, NULL, 11.5, 14, 314, NULL, 1356924300),
(400, 181, '46012', 50, 15.7, 12.1, 17, 305, NULL, 1356799800),
(401, 181, '46026', 70, 17.9, 10.2, 11, NULL, NULL, 1356799800),
(402, 182, '51205', NULL, NULL, 11.8, 15, 314, NULL, 1356974280),
(403, 182, '51101', 330, 15.7, 14.1, 16, 321, NULL, 1356972600),
(404, 182, '51201', NULL, NULL, 15.4, 15, 318, NULL, 1356974700),
(405, 183, '51205', NULL, NULL, 11.8, 17, 321, NULL, 1356990480),
(406, 183, '51101', 340, 20.1, 11.5, 13, 316, NULL, 1356990600),
(407, 183, '51201', NULL, NULL, 13.1, 17, 325, NULL, 1356990900),
(408, 184, '51205', NULL, NULL, 13.1, 17, 321, NULL, 1356997680),
(409, 185, '51205', NULL, NULL, 11.2, 15, 317, NULL, 1357085880),
(410, 186, '46026', 60, 22.4, 7.2, 15, NULL, NULL, 1357073400),
(411, 186, '46214', NULL, NULL, 9.2, 17, 305, NULL, 1357073460),
(412, 187, '46026', 90, 17.9, 6.9, 14, NULL, NULL, 1357235400),
(413, 187, '46214', NULL, NULL, 8.5, 14, 292, NULL, 1357237260),
(414, 188, '46026', 140, 15.7, 4.9, 13, NULL, NULL, 1357419000),
(415, 188, '46237', NULL, NULL, 5.6, 13, 264, NULL, 1357419060),
(416, 188, '46214', NULL, NULL, 6.2, 13, 277, NULL, 1357419060),
(417, 189, '46026', 350, 15.7, 11.2, 13, NULL, NULL, 1357505400),
(418, 189, '46012', 330, 22.4, 13.8, 15, 314, NULL, 1357505400),
(419, 190, '51205', NULL, NULL, 13.1, 11, 69, NULL, 1357516080),
(420, 191, '51205', NULL, NULL, 11.8, 11, 74, NULL, 1357532280),
(421, 191, '51101', 110, 17.9, 11.2, 11, 110, NULL, 1357530600),
(422, 192, '46026', 70, 2.2, 6.6, 9, NULL, NULL, 1358023800),
(423, 192, '46237', NULL, NULL, 4.9, 11, 278, NULL, 1358025660),
(424, 192, '46214', NULL, NULL, 9.2, 10, 312, NULL, 1358025660),
(425, 193, '46026', 320, 6.7, 7.5, 10, NULL, NULL, 1358124600),
(426, 193, '46237', NULL, NULL, 5.6, 11, 277, NULL, 1358126460),
(427, 193, '46214', NULL, NULL, 9.8, 10, 321, NULL, 1358126460),
(428, 194, '46026', 90, 11.2, 5.6, 10, NULL, NULL, 1358110200),
(429, 194, '46237', NULL, NULL, 4.6, 11, 281, NULL, 1358112060),
(430, 194, '46214', NULL, NULL, 9.2, 9, 307, NULL, 1358108460);

-- --------------------------------------------------------

--
-- Table structure for table `crew`
--

CREATE TABLE IF NOT EXISTS `crew` (
  `id` int(11) NOT NULL AUTO_INCREMENT,
  `name` varchar(255) DEFAULT NULL,
  `createdate` timestamp NULL DEFAULT CURRENT_TIMESTAMP,
  `description` varchar(255) DEFAULT NULL,
  `creator` int(11) DEFAULT NULL,
  PRIMARY KEY (`id`)
) ENGINE=InnoDB DEFAULT CHARSET=latin1 AUTO_INCREMENT=1 ;

--
-- Dumping data for table `crew`
--


-- --------------------------------------------------------

--
-- Table structure for table `location`
--

CREATE TABLE IF NOT EXISTS `location` (
  `id` smallint(6) NOT NULL AUTO_INCREMENT,
  `locname` varchar(255) DEFAULT NULL,
  `timezone` varchar(255) DEFAULT NULL,
  `buoy1` varchar(255) DEFAULT NULL,
  `buoy3` varchar(255) DEFAULT NULL,
  `tidestation` int(11) DEFAULT NULL,
  `buoy2` varchar(255) DEFAULT NULL,
  `creator` mediumint(9) DEFAULT NULL,
  PRIMARY KEY (`id`),
  UNIQUE KEY `locname` (`locname`)
) ENGINE=InnoDB  DEFAULT CHARSET=utf8 AUTO_INCREMENT=29 ;

--
-- Dumping data for table `location`
--

INSERT INTO `location` (`id`, `locname`, `timezone`, `buoy1`, `buoy3`, `tidestation`, `buoy2`, `creator`) VALUES
(1, 'Ocean Beach, SF', 'America/Los_Angeles', '46026', '46214', 9414290, '46237', 1),
(2, 'Fort Point', 'America/Los_Angeles', '46026', '46214', 9414290, '46237', 1),
(4, 'New York city', 'America/New_York', '46026', '51205', 9410170, '46214', 3),
(5, 'Baldwin Beach', 'Pacific/Honolulu', '51205', '46012', 1615680, '46026', 2),
(9, 'ho''okipa', 'Pacific/Honolulu', '51205', NULL, 1615680, NULL, 1),
(10, 'Mavericks', 'America/Los_Angeles', '46012', '46026', 9414290, '46237', 1),
(11, 'Honolua Bay', 'Pacific/Honolulu', '51205', NULL, 1615680, NULL, 1),
(12, 'Miami', 'America/New_York', '46237', '46012', 9410170, '46214', 9),
(13, 'elijo park', 'America/Los_Angeles', '46086', '51205', 9414290, '46047', 4),
(14, 'blacks', 'America/Los_Angeles', '46086', '46047', 1615680, '46087', 4),
(15, 'Ocean City MD', 'America/New_York', '46086', '46047', 9414290, '46026', 14),
(16, 'tofino', 'America/Los_Angeles', '46086', '46047', 9414290, '46214', 15),
(17, 'Fort Cronkite ', 'America/Los_Angeles', '46026', '46214', 1615680, '46237', 1),
(18, 'West end', 'America/New_York', '46012', '46059', 9410230, '46047', 17),
(19, 'Refugio beach', 'America/Los_Angeles', '51205', '46087', 9414290, '46047', 18),
(20, 'montara', 'America/Los_Angeles', '46012', '46237', 9410230, '46026', 4),
(21, '54th st newport beach, ca', 'America/Los_Angeles', '46012', '46047', 9414290, '46059', 20),
(22, 'linda mar', 'America/Los_Angeles', '46237', '46087', 9414290, '46012', 4),
(23, 'mango', 'America/Mexico_City', '46214', '46237', 1615680, '46047', 4),
(24, 'Launiupoko', 'America/Los_Angeles', '46012', '46026', 9410170, '51205', 1),
(25, 'Peahi/Jaws', 'Pacific/Honolulu', '51205', '51201', 9410170, '51101', 1),
(26, 'rockaway', 'America/Los_Angeles', '46026', '46086', 9410230, '46012', 4),
(27, 'SF Ocean Beach', 'America/Los_Angeles', '46237', NULL, 9414290, NULL, 26),
(28, 'Honomanu', 'Pacific/Honolulu', '51205', '46214', 9410230, '51101', 1);

-- --------------------------------------------------------

--
-- Table structure for table `locationforecast`
--

CREATE TABLE IF NOT EXISTS `locationforecast` (
  `locationid` int(11) NOT NULL,
  `forecasturl` varchar(255) NOT NULL,
  PRIMARY KEY (`locationid`,`forecasturl`)
) ENGINE=InnoDB DEFAULT CHARSET=utf8;

--
-- Dumping data for table `locationforecast`
--

INSERT INTO `locationforecast` (`locationid`, `forecasturl`) VALUES
(1, 'http://stokereport.com/surf-reports/san-francisco-ocean-beach'),
(1, 'http://stormsurf.com/locals/ncal.shtml'),
(1, 'http://www.surfline.com/surf-report/ocean-beach-central-california_4127/'),
(1, 'http://www.surfpulse.com/tides/'),
(10, 'http://mavsurfer.com/live_cam/'),
(10, 'http://www.surfline.com/surf-report/mavericks-central-california_4152/'),
(23, 'http://32320');

-- --------------------------------------------------------

--
-- Table structure for table `locationsublocation`
--

CREATE TABLE IF NOT EXISTS `locationsublocation` (
  `locationid` int(11) NOT NULL,
  `sublocationid` int(11) NOT NULL,
  PRIMARY KEY (`locationid`,`sublocationid`)
) ENGINE=InnoDB DEFAULT CHARSET=utf8 COLLATE=utf8_unicode_ci;

--
-- Dumping data for table `locationsublocation`
--

INSERT INTO `locationsublocation` (`locationid`, `sublocationid`) VALUES
(1, 1),
(1, 2),
(1, 3),
(1, 4),
(1, 5),
(1, 6),
(1, 7),
(1, 8),
(1, 9);

-- --------------------------------------------------------

--
-- Table structure for table `report`
--

CREATE TABLE IF NOT EXISTS `report` (
  `id` int(11) NOT NULL AUTO_INCREMENT,
  `text` varchar(255) DEFAULT NULL,
  `locationid` int(11) DEFAULT NULL,
  `reporterid` int(11) DEFAULT NULL,
  `quality` tinyint(4) DEFAULT NULL,
  `imagepath` varchar(255) DEFAULT NULL,
  `obsdate` int(11) DEFAULT NULL,
  `reportdate` int(11) NOT NULL,
  `public` tinyint(1) DEFAULT '1',
  `waveheight` float DEFAULT NULL,
  `sublocationid` int(11) DEFAULT NULL,
  PRIMARY KEY (`id`)
) ENGINE=InnoDB  DEFAULT CHARSET=utf8 AUTO_INCREMENT=195 ;

--
-- Dumping data for table `report`
--

INSERT INTO `report` (`id`, `text`, `locationid`, `reporterid`, `quality`, `imagepath`, `obsdate`, `reportdate`, `public`, `waveheight`, `sublocationid`) VALUES
(1, 'overhead and glassy. surfed vfw''s', 1, 1, 4, 'http://i.imgur.com/wwZHb.jpg', 1326744004, 1326744004, 1, NULL, NULL),
(2, NULL, 2, 1, 2, NULL, 1326904337, 1326904337, 1, NULL, NULL),
(3, 'Blown out', 1, 1, 1, 'http://i.imgur.com/LRb0v.jpg', 1327185411, 1327185411, 1, NULL, NULL),
(4, 'Baldwin Beach has some nice boogie boarding barrels!', 5, 2, NULL, NULL, 1320546965, 1320546965, 1, NULL, NULL),
(5, 'offshore, head high, barreling on inside, strong current pushing south', 1, 1, 2, NULL, 1321891196, 1321905596, 1, NULL, NULL),
(9, NULL, 1, 1, 2, NULL, 1327301385, 1327301385, 1, NULL, NULL),
(10, 'breaking, 15 footers, movie star getting worked', 10, 1, 4, '2012/01/1.23.1.59.03.png', 1324237805, 1324367405, 1, NULL, NULL),
(11, '[url]http://www.surfermag.com/videos/dispatch-to-maui/[/url] 4-6 super crowded. ', 11, 1, 5, '2012/01/1.25.3.45.09.png', 1325706297, 1325709897, 1, NULL, NULL),
(12, 'Warbly and not connecting to the inside', 1, 1, 2, 'http://i.imgur.com/IXxmQ.jpg', 1327514186, 1327514186, 1, NULL, NULL),
(13, 'noriega thumping on the inner bar', 1, 1, 5, NULL, 1327782133, 1327803733, 1, NULL, NULL),
(14, 'small on the northern end', 1, 1, 2, '2012/01/1.28.21.25.08.png', 1327800166, 1327803766, 1, NULL, NULL),
(15, 'small barrels on the very inside at judah', 1, 1, 3, '2012/01/1.29.23.19.42.png', 1327889982, 1327897182, 1, NULL, NULL),
(16, 'outer bar 1.5X overhead. Lawton was inconsistent.. too low tide', 1, 1, 4, '2012/02/1.02.16.01.00.png', 1328209260, 1328216460, 1, NULL, NULL),
(17, 'solid 2X+ just south of judah. Apparently Mavs was pretty fun but really crowded. Outer-outer bar was breaking. got lickens. photo by jrhussey. ', 1, 1, 5, '2012/02/1.10.17.28.24.png', 1328386264, 1328389864, 1, NULL, NULL),
(18, 'wasnt out. heard it was breaking and really crowded earlier', 10, 1, 3, '2012/02/1.04.19.59.42.png', 1328389182, 1328403582, 1, NULL, NULL),
(19, 'little smaller than yesterday. barrels on the very inside. outr bar was fun but shoulders died out quick. righteous photo zach', 1, 1, 4, '2012/02/1.05.23.58.14.png', 1328471144, 1328478344, 1, NULL, NULL),
(20, 'Breaking in middle then reforming on inside. ', 1, 1, 2, 'http://i.imgur.com/jhbHJ.jpg', 1328550645, 1328550645, 1, NULL, NULL),
(21, '2-3x overhead occ 18ft', 10, 1, 4, '2012/02/1.08.11.02.20.png', 1328716940, 1328716940, 1, 17.5, NULL),
(22, '[url]http://www.surfline.com/surf-news/mavericks-swell-photos_66889[/url]. 40'' faces. bigger than morning and offshore. very crowded. filming a movie. tide was better though. ', 10, 1, 4, '2012/02/1.10.17.27.07.png', 1328738000, 1328752400, 1, NULL, NULL),
(23, 'Fun mini-mavs. Got plenty waves with only one other guy out.', 10, 1, 5, 'http://i.imgur.com/rG6ac.jpg', 1328804182, 1328811382, 1, NULL, NULL),
(24, '[url=http://www.youtube.com/watch?v=FGums3C3Dpw&feature=youtu.be]video[/url]   8-10''. some slightly bigger sets than yesterday morning.', 10, 1, 5, NULL, 1328892769, 1328907169, 1, NULL, NULL),
(27, 'doubling up on inside. fun on outer bar as tide dropped', 1, 1, 3, NULL, 1329769574, 1329837974, 1, NULL, NULL),
(29, NULL, 0, 0, NULL, NULL, 0, 0, 0, NULL, NULL),
(30, NULL, 0, 0, NULL, NULL, 0, 0, 0, NULL, NULL),
(31, 'offshore kindof dumpy. really crowded', 1, 1, 4, NULL, 1330801645, 1330823245, 1, NULL, NULL),
(32, 'sideshory but better shape then morning. wedgy and barreling. got an in and out. whooooop!', 1, 1, 5, NULL, 1330812567, 1330823367, 1, NULL, NULL),
(33, 'private reports only please!', 3, 1, 3, NULL, 1330823879, 1330823879, 1, NULL, NULL),
(34, 'I love NY...never surfed there though', 4, 1, 3, NULL, 1330823954, 1330823954, 1, NULL, NULL),
(35, 'too big for inner bar, too short period for outer bar. breaking super far out but too messy to line up.', 1, 1, 1, NULL, 1330906100, 1330992500, 1, NULL, NULL),
(36, 'clean, but too low tide for inner bar. not big enough for outer bar. crowded', 1, 1, 3, NULL, 1330880944, 1330992544, 1, NULL, NULL),
(37, 'small and punchy. glassy. surfed judah', 1, 1, 3, '2012/03/1.08.20.43.06.png', 1331224986, 1331257386, 1, NULL, NULL),
(38, 'small, punchy, glassy. lincoln', 1, 1, 3, NULL, 1331313362, 1331406962, 1, NULL, NULL),
(39, 'double overhead, inconsistent and heavy, also choppy', 1, 1, 3, NULL, 1331409408, 1331535408, 1, NULL, NULL),
(40, 'punchy and bowly, a little too choppy though', 1, 1, 3, NULL, 1331503051, 1331535451, 1, NULL, NULL),
(41, 'head high non-stop dredgers making for a brutal paddle out but some fun barrels.', 1, 1, 4, NULL, 1332173347, 1332191347, 1, 2.5, NULL),
(42, 'Judah- perfect 5ft barrels', 1, 1, 5, NULL, 1332260618, 1332303818, 1, 2.5, NULL),
(43, 'Pacheco--hh+inner bar  fun, pnchy ', 1, 4, 4, NULL, 1332304604, 1332304604, 1, NULL, NULL),
(44, NULL, 0, 0, NULL, NULL, 0, 0, 0, NULL, NULL),
(45, 'Mixed swell, brutal paddle tho nice out the back. One and done. Many denials for lunchtime attempts', 1, 4, 3, NULL, 1332362772, 1332362772, 1, NULL, NULL),
(46, NULL, 0, 0, NULL, NULL, 0, 0, 0, NULL, NULL),
(47, 'mushbergers on the outer bar. ', 1, 1, 2, NULL, 1332699439, 1332865039, 1, 2.5, NULL),
(48, 'mushy but glassy and carveable, fun so cal surf. ', 13, 4, 4, NULL, 1333133352, 1333133352, 1, 2.5, NULL),
(49, 'glassy, soft but fun, occ hh+, surfed with amil', 13, 4, 4, NULL, 1333209211, 1333212811, 1, 2.5, NULL),
(50, 'nobody out. too unruly. huge', 10, 1, 1, '2012/04/1.02.19.19.34.png', 1333304510, 1333336910, 1, 25, NULL),
(51, 'Warbly, thick wedges, offshore wind. Board a little small but got a few nice ones', 14, 4, 4, NULL, 1333380996, 1333384596, 1, 5, NULL),
(52, 'Still solid 1.5 oh sets, cleaner tho still a warble. Smacked my cheek but overall fun', 14, 4, 4, NULL, 1333465996, 1333473196, 1, 5, NULL),
(53, 'Lincoln. Very small but calm and offshore', 1, 1, 3, NULL, 1333819368, 1333855368, 1, 1.5, 2),
(54, 'most were breaking too wide and mushy. some rare fun ones ran along the reef', 2, 1, 3, NULL, 1334434195, 1334527795, 1, 2.5, NULL),
(56, 'Sloppy, wedgy', 1, 1, 3, NULL, 1335024725, 1335107525, 1, 1.5, 1),
(57, 'Kinda weak at first. Little Barrels towards the end.', 1, 1, 4, NULL, 1335369839, 1335413039, 1, 1.5, 5),
(58, 'choppy punchy bowls ', 1, 1, 4, '2012/05/1.20.1.40.45.png', 1337478045, 1337492445, 1, 1.5, 9),
(59, 'choppy, crap. smaller and windier than last night', 1, 1, 1, '2012/05/1.21.0.20.57.png', 1337566857, 1337574057, 1, 1.5, 9),
(60, 'Wedgy', 17, 1, 2, NULL, 1337874676, 1337878276, 1, 1.5, NULL),
(61, NULL, 1, 1, 2, NULL, 1338085367, 1338092567, 1, 1.5, 9),
(62, 'got out there at the low to high transition ... wish I moved earlier ... disorganized, but some fun rides ... nice to see the windmill running', 1, 16, 3, NULL, 1338143936, 1338143936, 1, NULL, 3),
(63, 'wedgy, dredgy, lots of close out barrels, few stayed open', 1, 4, 3, NULL, 1338132468, 1338150468, 1, 1.5, 3),
(64, 'more than pretty fun, really, because it''s gorgeous out ... mild winds, mild waves ... some clean breaks giving long runs left and right', 1, 16, 4, NULL, 1338231670, 1338231670, 1, NULL, 3),
(65, 'occ fun south lines, light winds although like all souths at OB it was hard to line up and sectiony with a strong north current. Occ everything  came together for a decent ride. hit a crab buoy (? something underwater) doing a cutback on my last wave, din', 1, 4, 3, NULL, 1338822593, 1338829793, 1, 1.5, 5),
(66, 'lumpy, bumpy, nw onshore, mixed up--still some south in the water and few surprisingly long fun rides amidst lots of crappola', 1, 4, 3, NULL, 1338906478, 1338920878, 1, 1.5, 5),
(67, NULL, 0, 0, NULL, NULL, 0, 0, 0, NULL, NULL),
(68, 'Sloppy', 1, 1, 2, NULL, 1338994787, 1339001987, 1, 2.5, 2),
(69, 'slop', 1, 1, 3, '2012/06/1.09.13.46.07.png', 1339253167, 1339263967, 1, 2.5, 2),
(70, 'little tubes. breaking on the inside. better than last 2 days', 1, 1, 3, NULL, 1339428703, 1339482703, 1, 1.5, 3),
(71, 'sloppy. breaking far out', 1, 1, 2, NULL, 1339342675, 1339483075, 1, 2.5, 3),
(72, 'small and sloppy', 1, 1, 2, NULL, 1339512373, 1339533973, 1, 1.5, 3),
(73, 'No wind, fun wedges, cullie and collette ', 1, 1, 4, NULL, 1339878403, 1339946803, 1, 2.5, 8),
(74, 'warbly HH+ spring/summer slop, second bar which made lining up even harder. still occ good one', 1, 4, 3, NULL, 1340200667, 1340218667, 1, 2.5, 5),
(75, NULL, 0, 0, NULL, NULL, 0, 0, 0, NULL, NULL),
(76, 'shifty sectiony small south but occ little zipper lining up for a fun one', 1, 4, 3, NULL, 1340413094, 1340427494, 1, 1.5, 5),
(77, 'Southerly peaks hitting decent middle bars. Shorebreak Barrels', 1, 1, 3, 'http://i.imgur.com/Jrsln.jpg', 1340471594, 1340503994, 1, 1.5, 3),
(78, 'waist high south, occ bigger, low tide, good sandbar, no wind, no crowd in the early am: lefts and rights lining up, fun!', 1, 4, 4, NULL, 1340543928, 1340554728, 1, 1.5, 5),
(79, NULL, 0, 0, NULL, NULL, 0, 0, 0, NULL, NULL),
(80, 'waist occ bigger, south with possible mixed windswell, sunny although a little more textured and sectiony than yesterday. Still some fun for summer OB ', 1, 4, 3, NULL, 1340641871, 1340659871, 1, 1.5, 5),
(81, 'Wedge, nice bar on inside', 1, 1, 3, 'http://i.imgur.com/3tqQ2.jpg', 1340638836, 1340689236, 1, 1.5, 5),
(82, 'is it really June??? glassy, sunny, similar size waist occ chest with some fun lumps, perhaps more weaker nw windswelly stuff mixed with the fading south but the occ double ups kept it interesting', 1, 4, 4, NULL, 1340725772, 1340732972, 1, 1.5, 5),
(83, 'Kinda weak but some fun little racers along the inner bar.', 1, 1, 4, 'http://i.imgur.com/lprI2.jpg', 1340726698, 1340733898, 1, 1.5, 5),
(84, 'warbly with backwash tho no wind, occasional sectiony walls to the inside, lots of mushy disappearing shoulders', 20, 4, 3, NULL, 1341689106, 1341710706, 1, 2.5, NULL),
(85, 'onshore windswell but occasional chest hi south pulses would zip thru to the inside. ', 1, 4, 3, NULL, 1341764528, 1341771728, 1, 2.5, NULL),
(86, 'some fun sections, pretty messy though. summer has gotten foggy', 1, 1, 3, '2012/07/.08.15.38.29.png', 1341765453, 1341776253, 1, 1.5, 5),
(87, 'waist high, wind light south and amazingly after drizzly rain ended started getting sunny, occ fun zippy rides, nice after long stretch of steady grey onshore fog wind. ', 1, 4, 3, NULL, 1342537787, 1342566587, 1, 1.5, 5),
(88, 'Wedges, sunny, clear water. ', 1, 1, 4, NULL, 1342562415, 1342713615, 1, 1.5, NULL),
(89, 'side onshore, ok just because size and tide right between the lindy 400 yard close-out (low tide) and lindy mush-burger to reform close out (high tide) ---so got some sectiony walls', 22, 4, 3, NULL, 1342980446, 1343005646, 1, 2.5, NULL),
(90, 'for about 1/2 hr the windswell and wind cooperated to make for a few long chest to head high rides, then increasing wind, chop, warble and bad tide shut down the fun', 1, 4, 3, NULL, 1343143487, 1343179487, 1, 2.5, 6),
(91, 'Punchy slop', 1, 1, 3, NULL, 1343271237, 1343274837, 1, 1.5, 9),
(92, 'Races, small, righta', 1, 1, 3, NULL, 1343496239, 1343514239, 1, 1.5, 9),
(93, NULL, 0, 0, NULL, NULL, 0, 0, 0, NULL, NULL),
(94, 'Pretty weak, but nice shape', 1, 1, 3, NULL, 1346166152, 1346202152, 1, 1.5, 5),
(95, 'Fun wedgy lefts and bowly rights into the sand. Good southerly direction, higher tide. Change date to sept 3 at 11am', 20, 1, 4, NULL, 1346858601, 1347031401, 1, 1.5, NULL),
(96, 'Really small and weak', 1, 1, 2, NULL, 1347550878, 1347568878, 1, 1.5, 9),
(97, 'Sloppy but fun', 1, 1, 3, NULL, 1347460918, 1347568918, 1, 1.5, 2),
(99, 'Inconsistent, mushy, but some fun bowls', 1, 1, 3, NULL, 1347815845, 1347981445, 1, NULL, 1),
(101, 'messy, sets were too big', 1, 1, 3, '2012/09/.24.15.23.09.png', 1348503317, 1348514117, 1, 2.5, 1),
(102, 'doh in the middle, occ bigger, new hess mavs gun try-out, got 4-5 waves including long lefts, last wave poked, annihilated by the next set, leash broke, swam in. Nice sesh', 1, 4, 4, NULL, 1348518402, 1348529202, 1, 5, 6),
(103, 'I was not out although I heard reports. not sure of the size out there. will updata', 10, 1, 4, '2012/09/1.24.22.37.44.png', 1348522664, 1348540664, 1, 13.5, NULL),
(104, 'fun, glassy, slightly soft shoulder high but occ racy fun ones', 1, 4, 3, NULL, 1348761752, 1348794152, 1, 1.5, NULL),
(105, 'Little mushy and weak but some fun peaks!', 1, 1, 4, 'http://i.imgur.com/Hioe1.jpg', 1348762416, 1348809216, 1, 2.5, 5),
(106, 'Pretty mushy but some bowls. Nice size.', 1, 1, 4, 'http://i.imgur.com/isN89.jpg', 1348881746, 1348935746, 1, 2.5, 3),
(107, 'Week of sept 10-15 2012  chest to 1.5 oh (occ bigger) barrels...crowd ranged from heavy to none conditions from perfect to raggedy', 23, 4, 5, NULL, 1348942186, 1348942186, 1, 3.5, NULL),
(108, NULL, 1, 1, 4, 'http://i.imgur.com/DmMG5.jpg', 1348940461, 1348951261, 1, 2.5, 9),
(109, 'needed a bigger board for paddling purposes, waves funky, kind of soft, occasional good one, overhead', 1, 4, 3, NULL, 1348953059, 1349061059, 1, 5, 6),
(110, NULL, 0, 0, NULL, NULL, 0, 0, 0, NULL, NULL),
(111, 'still warbly, occ fun one, overhead, semi gun worked well', 1, 4, 4, NULL, 1349025134, 1349061134, 1, 3.5, 5),
(112, 'So effing inconsistent and north current was knar.', 1, 1, 2, NULL, 1349030079, 1349069679, 1, 3.5, 5),
(113, 'Outer bar was fun until swell shut down and then inside was super dumpy and criss crosst', 1, 1, 4, NULL, 1349055348, 1349069748, 1, 2.5, 1),
(114, 'Bowly lumpia', 1, 1, 4, NULL, 1349033832, 1349069832, 1, 2.5, 1),
(115, 'outgoing tide, still s-hh to occ oh, glassy, warm, fun', 1, 4, 4, NULL, 1349127249, 1349130849, 1, 2.5, 5),
(116, 'so inconsistent', 1, 1, 2, NULL, 1349106500, 1349131700, 1, 2.5, NULL),
(117, 'Criss crossy and very peaky. Not much juice. But perfect conditions', 1, 1, 3, NULL, 1349228442, 1349239242, 1, 1.5, 9),
(118, 'Mushy on outside and small and criss crossy on inside', 1, 1, 2, 'http://i.imgur.com/7Zgi2.jpg', 1349279126, 1349289926, 1, 1.5, 3),
(119, 'Really fast but some punchy sections. ', 1, 1, 4, NULL, 1349399189, 1349424389, 1, 1.5, 1),
(120, 'Fun, Bowly, some tubes on the inside', 1, 1, 4, 'http://i.imgur.com/HXM4G.jpg', 1349453552, 1349482352, 1, 1.5, 3),
(121, 'long lines although not quite lined up (??westerly swell), lots of guys out but lots of rides. ', 1, 4, 4, NULL, 1349628966, 1349632566, 1, 2.5, NULL),
(122, 'Kinda closey and burgery but fun', 1, 1, 4, NULL, 1349632395, 1349643195, 1, 2.5, 5),
(123, 'clean peaks', 1, 1, 4, NULL, 1349709773, 1349760173, 1, 1.5, 3),
(124, 'Small and dumpy quick racers but pretty clean before wind came up. ', 1, 1, 3, 'undefined', 1349805328, 1349888128, 1, 1.5, 9),
(125, 'Messy directionless poop', 1, 1, 2, NULL, 1349880998, 1349888198, 1, 2.5, 9),
(126, 'burgery, onshore, head hi with sltly oh occasionally, poor conditions overall but if you got a set that lined up the long period power would give the illusion of sweetness', 1, 4, 3, NULL, 1349886684, 1349897484, 1, 3.5, 6),
(127, NULL, 0, 0, NULL, NULL, 0, 0, 0, NULL, NULL),
(128, 'why the hell did I stay out for almost 2 hours? lumpy, burgery, still some west long period which mainly closed out. Out of all the waves caught I saw 2 open wave faces the entire session. However it is cleaning up so who knows', 1, 4, 2, NULL, 1350060816, 1350064416, 1, 2.5, 5),
(129, 'Walled, poo', 1, 1, 2, 'http://i.imgur.com/p6Zpc.jpg', 1350065443, 1350115843, 1, 2.5, 5),
(130, 'Really messy', 1, 1, 2, NULL, 1349972027, 1350116027, 1, NULL, 3),
(131, 'Really messy', 1, 1, 2, NULL, 1349972158, 1350116158, 1, NULL, 3),
(132, 'hh, occ oh, offshore, barrels (tho most closing), broken board for Joe. FALL IS HERE', 1, 4, 5, NULL, 1350145997, 1350163997, 1, 2.5, 6),
(133, 'Super good, very consistent though making for some epic paddle-outs', 1, 1, 5, '2012/10/.20.8.40.21.png', 1350144408, 1350317208, 1, 2.5, 5),
(134, 'Glassy but pretty soft', 1, 1, 3, NULL, 1350169658, 1350317258, 1, 2.5, 4),
(135, 'Pretty warbly and soft but some walls', 1, 1, 3, NULL, 1350227312, 1350317312, 1, 2.5, 5),
(136, 'formless poo', 1, 1, 1, NULL, 1350320122, 1350431722, 1, 2.5, 5),
(137, 'soooo bad. so bad. just...bad', 1, 1, 1, NULL, 1350395782, 1350431782, 1, 2.5, 2),
(138, 'steep barrels tricky sections ', 1, 1, 5, NULL, 1350563855, 1350736655, 1, 2.5, 1),
(139, 'burgery long walls', 1, 1, 4, NULL, 1350585492, 1350736692, 1, 3.5, 5),
(140, 'reform barrels', 1, 1, 4, NULL, 1350661145, 1350736745, 1, 1.5, 9),
(141, 'worse than finding an egg shell in your egg salad sandwich but not as bad as finding dog hair in your "hamburger", tho it was burgery in a glassy way', 1, 4, 3, NULL, 1350675483, 1350747483, 1, 1.5, 6),
(142, NULL, 1, 1, 3, NULL, 1351093613, 1351140413, 1, 1.5, 3),
(143, 'occ head high sets. VERY occassional. but it was nice out there. barrels galore. I didnt get any deep ones because it was mostly lefts and they were kinda narrow. beautiful conditions. possible best day of the season. will update with pic from morning', 1, 1, 5, '2012/10/1.25.17.26.24.png', 1351185984, 1351200384, 1, 1.5, 1),
(144, 'Suffering from severe morning sickness eg hantavirus in a 90 year old\r\n', 1, 4, 2, NULL, 1351444755, 1351451955, 1, 2.5, 5),
(145, 'little warbly but nice and sunny', 1, 1, 4, NULL, 1351458332, 1351537532, 1, 2.5, 5),
(146, 'Little soft but really clean', 1, 1, 4, 'http://i.imgur.com/hPvTA.jpg', 1351964501, 1352043701, 1, 2.5, 5),
(147, 'Punchy glassy evening bowls', 1, 1, 4, NULL, 1351989761, 1352043761, 1, NULL, 5),
(148, NULL, 0, 0, NULL, NULL, 0, 0, 0, NULL, NULL),
(149, 'disappointing, swell starting to come up but inconsistent, warbly , shifty, broke my leash on the way out (fin cut likely as waves not that big), swam in and retrieved my board, did a weak leash tie, went back out and got 1 crappy wave, at least i didn''t ', 1, 4, 3, NULL, 1352041867, 1352045467, 1, 3.5, 6),
(150, 'offshore, blue sky, overhead swell, more lined up tho not perfect,  leash plug broke, surfed leash free for 45 min then swam in, got another board, back out for more fun FALL. No complaints!! watched my cuz get a few narrells', 1, 4, 4, NULL, 1352133218, 1352140418, 1, 3.5, 6),
(151, 'Doh bombs sortof inconsistent though', 1, 1, 4, 'http://i.imgur.com/gNxgG.jpg', 1352220379, 1352223979, 1, 5, 6),
(152, 'Barrels mostly close outs but really really crowded', 1, 1, 4, NULL, 1352051459, 1352224259, 1, 3.5, 1),
(153, 'doh in middle, drifted to sloat with outgoing tide, strong offshore which eased to glass, blue sky, not perfectly lined up but lots of late drops, walls, open space, no crowd. Pulled into a close out right barrel on my last wave, came up with my right out', 1, 4, 4, NULL, 1352214860, 1352225660, 1, 5, 7),
(155, 'clean small bowls. some head dip barrels. good tide.', 1, 1, 4, '2012/11/1.11.19.00.20.png', 1352656820, 1352678420, 1, 1.5, 4),
(156, 'head high sets. some long ones. some thread the needle puka barrels. super fun', 1, 1, 5, '2012/11/1.13.12.59.12.png', 1352822352, 1352829552, 1, 2.5, 1),
(157, 'Fun Bowly clean. Small but breaking on the inside so pretty steep.', 1, 1, 4, 'http://i.imgur.com/uO1s6.jpg', 1352912796, 1352916396, 1, 1.5, 4),
(158, 'very inconsistent and crowded but powerful, offshore bowly hh (occ plus ) sets from the new long period starting to hit. Rainy day.  ', 1, 4, 4, NULL, 1353113404, 1353117004, 1, 2.5, 5),
(159, 'sloppy and dredgy! knarly beatings!', 1, 1, 2, '2012/11/1.18.21.35.34.png', 1353278134, 1353292534, 1, 3.5, 1),
(160, 'Not sure. Wasn''t out but it was breaking bc frank quirarte uploaded a vid to fb. Not sure exactly what time but judging from the sun in the pic mid afternoon.', 10, 1, 4, 'http://i.imgur.com/2Iagn.jpg', 1353537633, 1353566433, 1, 7, NULL),
(161, 'Inconsistent and crowded but fun. 4 hour sesh, 3 waves. Best around 11', 10, 1, 4, '2012/11/.23.4.45.49.png', 1353610126, 1353628126, 1, 9, NULL),
(162, 'one good one from the outside, but mostly little reforms', 1, 1, 4, '2012/11/.25.15.45.17.png', 1353694567, 1353791767, 1, 1.5, 6),
(163, 'Fun but really crowded. Lots of benders.', 2, 1, 4, 'http://i.imgur.com/m3U81.jpg', 1354498812, 1354498812, 1, 2.5, NULL),
(164, 'pretty fun despite peaky, somewhat warbled conditions after 4 days of rain and strong south winds; cleaned up nicely. ', 1, 4, 4, NULL, 1354574743, 1354592743, 1, 3.5, 6),
(165, 'great size for judah. peaky barrels. although only certain waves barrelled, some were too small', 1, 1, 4, NULL, 1354639378, 1354776178, 1, 1.5, 9),
(166, 'sh to hh barrels, occ bigger double ups, lots of close outs, blue sky, offshore, crowd not bad...fun', 1, 4, 4, NULL, 1354901484, 1354987884, 1, 2.5, 4),
(167, 'Hollow', 1, 1, 5, NULL, 1354902572, 1355075372, 1, 1.5, 4),
(168, 'Smaller than day before but still tubing ', 1, 1, 5, '2012/12/.10.12.08.27.png', 1354989023, 1355075423, 1, NULL, 4),
(169, 'Bowly tubes', 1, 1, 5, '2012/12/.10.12.08.04.png', 1355078385, 1355121585, 1, 1.5, 4),
(170, 'chest/shoulder in middle,  some barrels again, less crowd but still a factor, offshore, sunny niiiiice.  ', 1, 4, 4, NULL, 1355160669, 1355182269, 1, 1.5, 6),
(171, 'Really small.', 1, 1, 3, NULL, 1355159718, 1355246118, 1, 1.5, 4),
(172, 'f''ing hollow. really good. highest tide of the year. bobby martinez out', 1, 1, 5, NULL, 1355421576, 1355565576, 1, 2.5, 2),
(173, 'sh to just oh, very consistent, hard paddle but offshore, barrels, difficult to make but fun', 1, 4, 4, NULL, 1355593494, 1355701494, 1, 2.5, 5),
(174, 'hh occ oh offshore, barrels, occasionaly long period double up high tide death wedges. Fun!', 1, 4, 4, NULL, 1355679980, 1355701580, 1, 2.5, 6),
(175, 'East wind swell wrapping into pavils. ', 9, 1, 4, NULL, 1355887914, 1355898714, 1, 2.5, NULL),
(176, 'doh + solid, started the paddle south of sloat, out at rivera 1hr + later due to consistency rather than size, out with 1 other straggler who caught the bomb of the day. 3 rides for me, warbly, offshore, mediocre rides, towards end got cleaned on a top to', 1, 4, 3, NULL, 1355938736, 1355967536, 1, 5, 7),
(177, 'hh to few feet over, inner bar, rainy, cold double up wedges, lots of close out barrels but lucked into a deep long left that let me out, stoked! Merry xmas', 1, 4, 4, '2013/01/.12.12.29.45.jpg', 1356468277, 1356486277, 1, 3.5, 5),
(178, 'so good. great barrels. insiders were doubling up. outsiders were going mental', 11, 1, 5, NULL, 1356483057, 1356641457, 1, 5, NULL),
(179, 'cold, hard offshore, low tide, easy paddle out but long period inconsistent bombs, paddled out with mavs gun/lifevest just to test equipment but ended up glad I had the gun, waves were top to bottom doh to toh. only got one in an hour (getting dark), sket', 1, 4, 5, '2013/01/.07.0.56.43.jpg', 1356740499, 1356744099, 1, 7, 7),
(180, 'breaking @ ten feet according to Jon', 25, 1, 3, NULL, 1356923564, 1356934364, 1, 9, NULL),
(181, 'perfect, saturday 29th morning', 10, 1, 5, '2012/12/1.31.3.25.53.png', 1356798353, 1356942353, 1, 13.5, NULL),
(182, NULL, 25, 1, 4, 'http://i.imgur.com/rFWNP.jpg', 1356977509, 1356977509, 1, 11, NULL),
(183, 'Perfect conditions', 25, 1, 5, NULL, 1356991367, 1357012967, 1, 13.5, NULL),
(184, 'Deeper and not barreling on the inside like Christmas. ', 11, 1, 3, NULL, 1357006146, 1357081746, 1, 3.5, NULL),
(185, 'Tad smaller than yesterday but way less ppl out and really fun. Barrels on inside', 11, 1, 4, 'http://i.imgur.com/nNpy8.jpg', 1357086648, 1357090248, 1, 3.5, NULL),
(186, 'doh bombs, occ bigger, hard offshore wind. Still experimenting with hess gun/vest, got 2 legit set waves, hard paddle tho', 1, 4, 4, '2013/01/.12.12.19.14.jpg', 1357073588, 1357091588, 1, 5, 7),
(187, 'after 6 days of oh++long period surf with offshore winds "great vs pretty fun" becomes subjective. 1.5 occ doh, low crowd, manageable paddle, several coverups and one long made backside barrel, 7''0 pintail handled (except on one bomb) epic!', 1, 4, 5, '2013/01/.12.12.23.16.jpg', 1357239910, 1357239910, 1, 5, 5),
(188, 'the streak is over, ch to hh waves, a little lumpy tho still some double up cover ups, south winds came up at end of session...still would''ve been "great" a few months ago. ', 1, 4, 3, NULL, 1357418820, 1357444020, 1, 2.5, 6),
(189, 'utility session, semi-closed out, overhead, shifty and warbly but got a few...far cry from few days ago at OB. Mavs breaking on cam but no one out, looked warbly and shifty with westerly swell but much bigger and scarier, skipped it. ', 26, 4, 3, NULL, 1357504131, 1357522131, 1, 3.5, NULL),
(190, 'super windy but really consistent, pumping east swell', 9, 1, 4, NULL, 1357516834, 1357538434, 1, 2.5, NULL),
(191, 'right was going off! super strong tradewinds.', 28, 1, 5, NULL, 1357531404, 1357538604, 1, 2.5, NULL),
(192, 'ch to head, occ bigger with some fun wedges, offshore/glassy, occ barrels, south current, double ups, fun ... go niners', 1, 4, 4, NULL, 1358024877, 1358053677, 1, 1.5, 4),
(193, 'hh to few feet oh, a little warbly but some fun ones, evening sesh, offshore, cold, some almond barrels. Amazingly clear, felt like I could see pine needles on Redwoods on mount tam. ', 1, 4, 4, NULL, 1358125915, 1358140315, 1, 2.5, 5),
(194, 'really really good for an hour. super strong current. 1 real good in and out and one long tube that I didnt make', 1, 1, 5, NULL, 1358109400, 1358185000, 1, 2.5, 4);

-- --------------------------------------------------------

--
-- Table structure for table `reporter`
--

CREATE TABLE IF NOT EXISTS `reporter` (
  `id` int(11) NOT NULL AUTO_INCREMENT,
  `name` varchar(255) DEFAULT NULL,
  `email` varchar(255) DEFAULT NULL,
  `password` char(32) DEFAULT NULL,
  `joindate` timestamp NULL DEFAULT CURRENT_TIMESTAMP,
  `public` tinyint(1) DEFAULT '1',
  PRIMARY KEY (`id`),
  UNIQUE KEY `name` (`name`),
  UNIQUE KEY `email` (`email`)
) ENGINE=InnoDB  DEFAULT CHARSET=utf8 AUTO_INCREMENT=27 ;

--
-- Dumping data for table `reporter`
--

INSERT INTO `reporter` (`id`, `name`, `email`, `password`, `joindate`, `public`) VALUES
(1, 'Joey', 'jhodara@gmail.com', '122cf43e21cde5b4439d86338027986e', '2012-01-16 14:35:46', 1),
(2, 'rhodara', 'rhodara@seaburyhall.org', '980ae75fdd6bb552915910839cbf4c1b', '2012-01-21 18:24:37', 1),
(3, 'meh70', 'mehodara@gmail.com', '00c243b7d08882d3a1203c0da4fccffc', '2012-01-21 18:25:28', 1),
(4, 'jason', 'jasonanderson62@gmail.com', '4b04a9e3bb9bc43cffae2d52fd6a78ba', '2012-01-21 18:26:00', 1),
(5, 'Ivy', 'ivy@e.com', 'c4ae543e7d603dfbd49282136788880e', '2012-01-22 23:51:38', 1),
(7, 'nicholas.schlag', 'nicholas.schlag@gmail.com', 'd6ac2e8741022c6badcfb9a409d745fb', '2012-01-23 03:55:56', 1),
(8, 'jonspenser', 'jonspenser@gmail.com', 'b2ddbe5953aae75f7ac253c997973368', '2012-01-23 17:46:12', 1),
(9, 'Deccan', '123@aol.com', '71aafc92cbcb7154dc8fcacaa7c6b196', '2012-02-09 08:20:38', 1),
(12, 'Mikegrame@gmail.com', NULL, '05ee87978bb998f7e4ba89be33e003fa', '2012-04-15 13:39:22', 1),
(13, 'Linny808', NULL, '987fdcbfdb3dfc2fba112e9e260c0c45', '2012-05-03 00:34:19', 0),
(14, 'Theo', NULL, 'ba39b0ce8f8e5a6e6f0695cd0063258c', '2012-05-13 22:14:41', 0),
(15, 'kathymacrae', NULL, 'f18e811c5e3b5e38932102429b12a3e8', '2012-05-23 10:30:56', 1),
(16, 'bootsy', NULL, 'b0669c2ea2f46849c3f3765761bc99a6', '2012-05-27 14:35:24', 1),
(17, 'Bagwell ', NULL, '034ac7c9e92db78f819d49c9b0d0ac6b', '2012-06-14 12:10:33', 1),
(18, 'Captain KR', NULL, 'dad2d74a7a9ae68f377ac0e1ab3099b7', '2012-07-03 14:24:17', 1),
(19, 'rohan', NULL, '773690710cfcf955874f93b1fb7260b0', '2012-07-06 04:20:13', 1),
(20, 'lugolugo', NULL, '5a4c37c4975e0419d067a24eadc5eb45', '2012-07-10 12:00:49', 0),
(22, 'Angel fan', 'angelfan111@yahoo.com', '4d83231a301712d2a50575dfbec7173f', '2012-09-02 18:55:36', 1),
(23, 'cheapralphlauren', 'xiaoguoblog@aol.com', 'ccfaf1fc8c81444bd27feab59ea7fd97', '2012-09-14 16:14:46', 1),
(24, 'Mark', 'mj5762@att.net', '6dcc95cbdfd5e917409f46c90a874267', '2012-11-25 10:15:45', 0),
(25, 'wrencefloclog', 'linshibo0828@gmail.com', '5117c222d1e082d26ffc1adac3e26f01', '2012-12-06 02:44:49', 1),
(26, 'Albatross', 'overland1@sbcglobal.net', '862d36daabc2064952071756be83c689', '2013-01-06 23:16:10', 0);

-- --------------------------------------------------------

--
-- Table structure for table `reportercrew`
--

CREATE TABLE IF NOT EXISTS `reportercrew` (
  `reporter` int(11) NOT NULL,
  `crew` int(11) NOT NULL,
  PRIMARY KEY (`reporter`,`crew`)
) ENGINE=InnoDB DEFAULT CHARSET=utf8;

--
-- Dumping data for table `reportercrew`
--


-- --------------------------------------------------------

--
-- Table structure for table `reporterlocation`
--

CREATE TABLE IF NOT EXISTS `reporterlocation` (
  `reporterid` int(11) NOT NULL,
  `locationid` int(11) NOT NULL,
  PRIMARY KEY (`reporterid`,`locationid`)
) ENGINE=InnoDB DEFAULT CHARSET=utf8;

--
-- Dumping data for table `reporterlocation`
--

INSERT INTO `reporterlocation` (`reporterid`, `locationid`) VALUES
(0, 0),
(1, 1),
(1, 2),
(1, 3),
(1, 4),
(1, 9),
(1, 10),
(1, 11),
(1, 17),
(1, 20),
(1, 24),
(1, 25),
(1, 28),
(2, 5),
(3, 4),
(4, 1),
(4, 3),
(4, 13),
(4, 14),
(4, 20),
(4, 22),
(4, 23),
(4, 26),
(9, 12),
(15, 16),
(16, 1),
(18, 19),
(20, 21),
(26, 27);

-- --------------------------------------------------------

--
-- Table structure for table `sublocation`
--

CREATE TABLE IF NOT EXISTS `sublocation` (
  `sl_id` int(5) NOT NULL AUTO_INCREMENT,
  `sl_name` varchar(255) DEFAULT NULL,
  PRIMARY KEY (`sl_id`)
) ENGINE=InnoDB  DEFAULT CHARSET=latin1 AUTO_INCREMENT=10 ;

--
-- Dumping data for table `sublocation`
--

INSERT INTO `sublocation` (`sl_id`, `sl_name`) VALUES
(1, 'VFW'),
(2, 'Lincoln'),
(3, 'Irving'),
(4, 'Lawton'),
(5, 'Noriega'),
(6, 'Pacheco'),
(7, 'Rivera'),
(8, 'Sloat'),
(9, 'Judah');

-- --------------------------------------------------------

--
-- Table structure for table `tidedata`
--

CREATE TABLE IF NOT EXISTS `tidedata` (
  `id` int(11) NOT NULL AUTO_INCREMENT,
  `tide` float DEFAULT NULL,
  `tidedate` int(11) DEFAULT NULL,
  `tideres` float DEFAULT NULL,
  `reportid` int(11) NOT NULL,
  `tidestation` varchar(50) DEFAULT NULL,
  PRIMARY KEY (`id`)
) ENGINE=InnoDB  DEFAULT CHARSET=latin1 AUTO_INCREMENT=174 ;

--
-- Dumping data for table `tidedata`
--

INSERT INTO `tidedata` (`id`, `tide`, `tidedate`, `tideres`, `reportid`, `tidestation`) VALUES
(1, 3.62, 1326901800, -0.04, 1, NULL),
(2, 5.42, 1326904200, -0.11, 2, NULL),
(3, -0.08, 1327185360, -0.12, 3, NULL),
(7, 4.83, 1327301280, 0.09, 9, NULL),
(9, 4.3, 1327514040, 0.09, 12, NULL),
(10, 3.32, 1327782240, 0.06, 13, NULL),
(11, 3.21, 1327800240, -0.08, 14, NULL),
(12, 3.17, 1327889880, -0.05, 15, NULL),
(13, 2.35, 1328209200, -0.11, 16, NULL),
(14, 2.51, 1328386320, -0.14, 17, NULL),
(15, 1.11, 1328389200, 0.01, 18, NULL),
(16, 4.12, 1328471280, -0.15, 19, NULL),
(17, 6.35, 1328550480, 0.01, 20, NULL),
(18, 3.7, 1328716800, 0.11, 21, NULL),
(19, 4.1, 1328738040, -0.16, 22, NULL),
(20, 2.94, 1328804280, 0.11, 23, NULL),
(21, 2.4, 1328892840, 0.09, 24, NULL),
(23, 4.42, 1329769440, -0.15, 27, NULL),
(24, 1.85, 1330444800, -0.08, 28, NULL),
(25, 2.2, 1330801560, -0.11, 31, NULL),
(26, 0.36, 1330812720, 0.01, 32, NULL),
(27, 0.5, 1330905960, 0.05, 35, NULL),
(28, 5.21, 1330881120, -0.06, 36, NULL),
(29, 4.03, 1331224920, 0.12, 37, NULL),
(30, 3.48, 1331313480, 0.12, 38, NULL),
(31, 4.91, 1331409240, 0.08, 39, NULL),
(32, 4.92, 1331503200, 0, 40, NULL),
(33, 5.24, 1332173520, 0.06, 41, NULL),
(34, 4.69, 1332260640, 0.08, 42, NULL),
(35, 4.16, 1332304560, 0.11, 43, NULL),
(36, 4.14, 1332362880, -0.12, 45, NULL),
(37, 2.45, 1332699480, 0.09, 47, NULL),
(38, 0.76, 1333133280, 0.01, 48, NULL),
(39, 1.63, 1333209240, -0.08, 49, NULL),
(40, 0.78, 1333304640, 0.02, 50, NULL),
(41, 3.84, 1333380960, -0.1, 51, NULL),
(42, 5, 1333465920, -0.05, 52, NULL),
(43, 3.02, 1333819440, 0.13, 53, NULL),
(44, 0.91, 1334434320, 0, 54, NULL),
(46, 1.52, 1335024720, 0.1, 56, NULL),
(47, -0.2, 1335369960, 0.01, 57, NULL),
(48, 2.85, 1337478120, 0.06, 58, NULL),
(49, 3.01, 1337566680, 0.06, 59, NULL),
(50, -0.55, 1337874840, 0.02, 60, NULL),
(51, 3.89, 1338085440, -0.05, 61, NULL),
(52, 0.28, 1338143760, 0.05, 62, NULL),
(53, 1.05, 1338132600, -0.1, 63, NULL),
(54, 0.45, 1338231600, 0.03, 64, NULL),
(55, -0.37, 1338822720, 0.12, 65, NULL),
(56, -1.75, 1338906600, 0.05, 66, NULL),
(57, -1.71, 1338994800, 0.03, 68, NULL),
(58, 1.07, 1339253280, -0.13, 69, NULL),
(59, 2.71, 1339428600, -0.08, 70, NULL),
(60, 1.49, 1339342560, -0.1, 71, NULL),
(61, 3.65, 1339512480, -0.02, 72, NULL),
(62, 3.58, 1339878240, -0.05, 73, NULL),
(63, -0.77, 1340200800, 0, 74, NULL),
(64, 3.53, 1340413200, -0.07, 76, NULL),
(65, 0.21, 1340471520, 0.07, 77, NULL),
(66, 2.13, 1340543880, -0.13, 78, NULL),
(67, 0.31, 1340641800, -0.03, 80, NULL),
(68, 0.67, 1340638920, -0.07, 81, NULL),
(69, 1.61, 1340725680, -0.08, 82, NULL),
(70, 1.38, 1340726760, -0.07, 83, NULL),
(71, 0.17, 1341764640, -0.01, 85, NULL),
(72, 0.18, 1341765360, 0.01, 86, NULL),
(73, 1.26, 1342537920, 0.1, 87, NULL),
(74, 3.55, 1342562400, -0.06, 88, NULL),
(75, 2.07, 1342980360, 0.11, 89, NULL),
(76, 1.15, 1343143440, -0.06, 90, NULL),
(77, 4.15, 1343271240, -0.12, 91, NULL),
(78, 3.81, 1343496240, -0.04, 92, NULL),
(79, 0.07, 1346166000, -0.02, 94, NULL),
(80, 0.23, 1347550920, -0.02, 96, NULL),
(81, 0.36, 1347460920, -0.02, 97, NULL),
(83, 4.61, 1347815880, 0.11, 99, NULL),
(85, 4.8, 1348503480, -0.03, 101, NULL),
(86, 2.59, 1348518240, -0.02, 102, NULL),
(87, 2.74, 1348522560, 0.03, 103, NULL),
(88, 4.69, 1348761600, 0.1, 104, NULL),
(89, 4.87, 1348762320, 0.09, 105, NULL),
(90, 1.31, 1348881840, 0.06, 106, NULL),
(91, 4.83, 1348942320, -0.12, 107, NULL),
(92, 5.44, 1348940520, 0.07, 108, NULL),
(93, 4.04, 1348953120, -0.13, 109, NULL),
(94, 4.71, 1349025120, 0.1, 111, NULL),
(95, 5.7, 1349030160, 0.05, 112, NULL),
(96, 0.42, 1349055360, 0, 113, NULL),
(97, 5.81, 1349033760, -0.02, 114, NULL),
(98, 4.75, 1349127360, -0.1, 115, NULL),
(99, 2.98, 1349106480, 0.09, 116, NULL),
(100, 0.57, 1349228520, -0.06, 117, NULL),
(101, 2.69, 1349279280, 0.04, 118, NULL),
(102, 2.47, 1349399160, -0.12, 119, NULL),
(103, 3.01, 1349453520, 0, 120, NULL),
(104, 3.46, 1349628840, -0.02, 121, NULL),
(105, 3.29, 1349632440, -0.01, 122, NULL),
(106, 4.25, 1349709840, -0.02, 123, NULL),
(107, 3.72, 1349805240, -0.05, 124, NULL),
(108, 4.58, 1349880840, 0.05, 125, NULL),
(109, 4.77, 1349886600, -0.02, 126, NULL),
(110, 5.46, 1350060840, 0.01, 128, NULL),
(111, 5.08, 1350065520, -0.06, 129, NULL),
(112, 5.1, 1349971920, 0.02, 130, NULL),
(113, 5.11, 1349972280, 0.01, 131, NULL),
(114, 5.53, 1350146160, 0.06, 132, NULL),
(115, 5.18, 1350144360, 0.08, 133, NULL),
(116, 0.55, 1350169560, -0.04, 134, NULL),
(117, 3.87, 1350227160, 0.12, 135, NULL),
(118, 5.44, 1350320040, 0.1, 136, NULL),
(119, 1.94, 1350395640, 0.05, 137, NULL),
(120, 3.26, 1350563760, -0.09, 138, NULL),
(121, 5.28, 1350585360, 0.1, 139, NULL),
(122, 2.65, 1350661320, 0.01, 140, NULL),
(123, 5.23, 1350675360, 0.08, 141, NULL),
(124, 5.52, 1351093680, 0.01, 142, NULL),
(125, 5.46, 1351185840, -0.06, 143, NULL),
(126, 5.77, 1351444680, 0.04, 144, NULL),
(127, 3.28, 1351458360, -0.15, 145, NULL),
(128, 3.76, 1351964520, 0.05, 146, NULL),
(129, 2.86, 1351989720, -0.12, 147, NULL),
(130, 3.47, 1352041920, -0.03, 149, NULL),
(131, 3.37, 1352133360, -0.02, 150, NULL),
(132, 3.52, 1352220480, -0.05, 151, NULL),
(133, 3.46, 1352051280, 0.02, 152, NULL),
(134, 4.26, 1352214720, -0.03, 153, NULL),
(135, 5.78, 1352656800, -0.08, 155, NULL),
(136, 5.56, 1352822400, 0.11, 156, NULL),
(137, 6.03, 1352912760, 0.1, 157, NULL),
(138, 0.94, 1353113280, -0.18, 158, NULL),
(139, 5.74, 1353278160, -0.01, 159, NULL),
(140, 2.6, 1353537720, 0.07, 160, NULL),
(141, 2.74, 1353610080, -0.11, 161, NULL),
(142, 4.11, 1353694680, -0.12, 162, NULL),
(143, 0.94, 1354498920, -0.1, 163, NULL),
(144, 4.8, 1354574880, -0.05, 164, NULL),
(145, 3.02, 1354639320, -0.01, 165, NULL),
(146, 3.16, 1354901400, -0.1, 166, NULL),
(147, 1.79, 1354902480, -0.02, 167, NULL),
(148, 1.46, 1354988880, -0.06, 168, NULL),
(149, 0.73, 1355078520, -0.08, 169, NULL),
(150, 2.76, 1355160600, -0.16, 170, NULL),
(151, 3.07, 1355159880, -0.15, 171, NULL),
(152, 7.18, 1355421600, -0.13, 172, NULL),
(153, 5.06, 1355593320, 0.11, 173, NULL),
(154, 3.94, 1355680080, 0.09, 174, NULL),
(155, 1.09, 1355887800, 0.02, 175, NULL),
(156, 2.16, 1355938560, -0.05, 176, NULL),
(157, 2.5, 1356468120, -0.15, 177, NULL),
(158, 0.78, 1356482880, -0.03, 178, NULL),
(159, -0.08, 1356740640, -0.08, 179, NULL),
(160, 0.98, 1356923520, -0.03, 180, NULL),
(161, 4.39, 1356798240, 0.07, 181, NULL),
(162, 1.37, 1356977520, -0.05, 182, NULL),
(163, 0.73, 1356991200, 0.02, 183, NULL),
(164, 1.3, 1357006320, -0.01, 184, NULL),
(165, 1.03, 1357086600, 0.02, 185, NULL),
(166, 5.17, 1357073640, 0.02, 186, NULL),
(167, 2.59, 1357239960, 0.05, 187, NULL),
(168, 1.37, 1357418880, 0.03, 188, NULL),
(169, 0.28, 1357516800, -0.03, 190, NULL),
(170, 0.3, 1357531560, 0.02, 191, NULL),
(171, 5.56, 1358024760, -0.15, 192, NULL),
(172, -0.18, 1358125920, -0.11, 193, NULL),
(173, 6.5, 1358109360, -0.03, 194, NULL);

-- --------------------------------------------------------

--
-- Table structure for table `tidestation`
--

CREATE TABLE IF NOT EXISTS `tidestation` (
  `stationid` varchar(50) NOT NULL DEFAULT '',
  `stationname` varchar(50) DEFAULT NULL,
  PRIMARY KEY (`stationid`)
) ENGINE=InnoDB DEFAULT CHARSET=latin1;

--
-- Dumping data for table `tidestation`
--

INSERT INTO `tidestation` (`stationid`, `stationname`) VALUES
('1615680', 'Kahului, HI'),
('9410170', NULL),
('9410230', NULL),
('9414290', 'San Francisco, CA');

-- --------------------------------------------------------

--
-- Table structure for table `usercookie`
--

CREATE TABLE IF NOT EXISTS `usercookie` (
  `userid` int(11) NOT NULL DEFAULT '0',
  `userkey` varchar(255) NOT NULL DEFAULT '',
  `time` timestamp NULL DEFAULT CURRENT_TIMESTAMP,
  PRIMARY KEY (`userid`,`userkey`)
) ENGINE=InnoDB DEFAULT CHARSET=latin1;

--
-- Dumping data for table `usercookie`
--

INSERT INTO `usercookie` (`userid`, `userkey`, `time`) VALUES
(1, 'cfba2b3f8db0e7d46cba883aadbb0646', '2013-01-14 12:35:00'),
(4, '137412a6c98cd3b29524c732859517f1', '2013-01-12 12:16:25'),
(4, '14f9cfc037c03bd35099b637e3786d72', '2013-01-15 00:42:33'),
(4, '874924b42b4b1ddbd1bfd83879b2f210', '2013-01-07 17:03:13'),
(8, '3d93ab551dc2d110d301b2414ef6be60', '2012-01-23 17:46:12'),
(9, '7b0bd76d0e5951f08230823c4c8f0436', '2012-02-09 08:20:38'),
(11, '185d86ca90972b25a8e7846820c04418', '2012-02-29 01:06:12'),
(12, '50e0c61eab80654c4d753e8d36f48711', '2012-04-15 13:39:22'),
(13, '3e5b9108f5b3ca01838ac70ac0f19333', '2012-05-09 23:33:35'),
(14, '9c53b66e4ba2dae4104b101c2cc023af', '2012-05-13 22:14:41'),
(15, '18c16a005abff4c5d65f39ea03c8f129', '2012-05-23 13:35:23'),
(15, '27d6e907ffd13704370c4542088a6ecc', '2012-05-24 10:25:12'),
(15, '6af8a128b5a516aa58f2a887be310fcd', '2012-06-10 21:01:28'),
(16, 'ba1d1dbcfaa03377457cd45a59aa8edf', '2012-05-29 00:46:28'),
(18, '9c2876bf6848aca32023b1a440d98618', '2012-07-03 21:48:01'),
(20, '67242883afe26d0e8acc8551044a0f69', '2012-07-10 12:00:49'),
(22, '0f75eeaaf2c5cccb8299962befff8dfa', '2012-09-02 21:25:25'),
(23, '6598e8e883a62a9ac960635a2348b225', '2012-09-14 16:14:46'),
(24, '0f07f21eed290d11bd1ed425cd96b5ca', '2012-11-25 10:15:45'),
(25, '5433f951f8a44490800285e1d6f064d7', '2012-12-06 02:44:49'),
(26, '39062ecb031e3e46b5890e02e450ebae', '2013-01-08 23:44:03'),
(26, 'e54c64cd0b6e8be83d885e1f3515d999', '2013-01-06 23:27:23');
