-- phpMyAdmin SQL Dump
-- version 3.3.9.2
-- http://www.phpmyadmin.net
--
-- Host: localhost
-- Generation Time: Mar 05, 2013 at 08:09 AM
-- Server version: 5.5.9
-- PHP Version: 5.3.5

SET SQL_MODE="NO_AUTO_VALUE_ON_ZERO";


/*!40101 SET @OLD_CHARACTER_SET_CLIENT=@@CHARACTER_SET_CLIENT */;
/*!40101 SET @OLD_CHARACTER_SET_RESULTS=@@CHARACTER_SET_RESULTS */;
/*!40101 SET @OLD_COLLATION_CONNECTION=@@COLLATION_CONNECTION */;
/*!40101 SET NAMES utf8 */;

--
-- Database: `br`
--

-- --------------------------------------------------------

--
-- Table structure for table `buoy`
--

CREATE TABLE `buoy` (
  `buoyid` varchar(50) NOT NULL DEFAULT '',
  `name` varchar(255) DEFAULT NULL,
  PRIMARY KEY (`buoyid`)
) ENGINE=InnoDB DEFAULT CHARSET=latin1;

--
-- Dumping data for table `buoy`
--

INSERT INTO `buoy` VALUES('46012', 'HALF MOON BAY - 24NM South Southwest of San Francisco, CA');
INSERT INTO `buoy` VALUES('46026', '18NM West of San Francisco, CA ');
INSERT INTO `buoy` VALUES('46047', NULL);
INSERT INTO `buoy` VALUES('46059', 'Cali bouy- 357 nm west');
INSERT INTO `buoy` VALUES('46086', NULL);
INSERT INTO `buoy` VALUES('46087', NULL);
INSERT INTO `buoy` VALUES('46214', 'Point Reyes');
INSERT INTO `buoy` VALUES('46237', 'San Francisco Bar, CA');
INSERT INTO `buoy` VALUES('51101', 'NORTHWESTERN HAWAII TWO - 190NM NW of Kauai Is');
INSERT INTO `buoy` VALUES('51201', 'Waimea Bay - near shore');
INSERT INTO `buoy` VALUES('51205', 'Pauwela, Maui, HI');

-- --------------------------------------------------------

--
-- Table structure for table `buoydata`
--

CREATE TABLE `buoydata` (
  `id` int(11) NOT NULL AUTO_INCREMENT,
  `reportid` int(11) NOT NULL,
  `buoy` varchar(255) DEFAULT NULL,
  `winddir` varchar(50) DEFAULT NULL,
  `windspeed` varchar(50) DEFAULT NULL COMMENT 'in m/s',
  `swellheight` varchar(50) DEFAULT NULL COMMENT 'in meters',
  `swellperiod` varchar(50) DEFAULT NULL,
  `swelldir` varchar(50) DEFAULT NULL,
  `tide` char(50) DEFAULT NULL,
  `gmttime` int(11) DEFAULT NULL,
  `watertemp` varchar(50) DEFAULT NULL COMMENT 'in celcius',
  PRIMARY KEY (`id`)
) ENGINE=InnoDB  DEFAULT CHARSET=latin1 AUTO_INCREMENT=469 ;

--
-- Dumping data for table `buoydata`
--

INSERT INTO `buoydata` VALUES(1, 1, '46026', '110', '5.007', '0.92', '11', '295', NULL, 1326901800, NULL);
INSERT INTO `buoydata` VALUES(2, 1, '46237', NULL, NULL, '0.79', '17', '247', NULL, 1326903000, NULL);
INSERT INTO `buoydata` VALUES(3, 2, '46026', '170', '8.002', '1.89', '11', '299', NULL, 1326991800, NULL);
INSERT INTO `buoydata` VALUES(4, 2, '46237', NULL, NULL, '1.89', '10', '254', NULL, 1326993000, NULL);
INSERT INTO `buoydata` VALUES(5, 3, '46026', '290', '8.985', '3.81', '11', '278', NULL, 1327182600, NULL);
INSERT INTO `buoydata` VALUES(6, 3, '46237', NULL, NULL, '4.08', '12', '254', NULL, 1327183800, NULL);
INSERT INTO `buoydata` VALUES(7, 5, '46237', NULL, NULL, '1.89', '12', '264', NULL, 1321891800, NULL);
INSERT INTO `buoydata` VALUES(8, 5, '46026', '110', '5.007', '1.89', '11', '307', NULL, 1321890600, NULL);
INSERT INTO `buoydata` VALUES(14, 9, '46026', '180', '13.008', '4.21', '13', '279', NULL, 1327297800, NULL);
INSERT INTO `buoydata` VALUES(15, 9, '46237', NULL, NULL, '4.08', '14', '256', NULL, 1327299000, NULL);
INSERT INTO `buoydata` VALUES(16, 10, '46012', '200', '2.012', '3.42', '15', '297', NULL, 1324237800, NULL);
INSERT INTO `buoydata` VALUES(18, 11, '51205', NULL, NULL, '3.99', '15', '323', NULL, 1325704680, NULL);
INSERT INTO `buoydata` VALUES(19, 12, '46026', '320', '2.012', '2.19', '11', '285', NULL, 1327510200, NULL);
INSERT INTO `buoydata` VALUES(20, 12, '46237', NULL, NULL, '2.5', '12', '256', NULL, 1327511400, NULL);
INSERT INTO `buoydata` VALUES(21, 13, '46026', '90', '3.979', '1.89', '12', '291', NULL, 1327783800, NULL);
INSERT INTO `buoydata` VALUES(22, 13, '46237', NULL, NULL, '1.71', '13', '252', NULL, 1327781400, NULL);
INSERT INTO `buoydata` VALUES(23, 13, '51205', NULL, NULL, '2.71', '18', '320', NULL, 1327781880, NULL);
INSERT INTO `buoydata` VALUES(24, 14, '46026', '330', '5.990', '1.4', '13', '291', NULL, 1327801800, NULL);
INSERT INTO `buoydata` VALUES(25, 14, '46237', NULL, NULL, '1.31', '11', '257', NULL, 1327799400, NULL);
INSERT INTO `buoydata` VALUES(26, 14, '51205', NULL, NULL, '3.51', '18', '317', NULL, 1327799880, NULL);
INSERT INTO `buoydata` VALUES(27, 15, '46026', '310', '5.990', '0.79', '11', '282', NULL, 1327888200, NULL);
INSERT INTO `buoydata` VALUES(28, 15, '46237', NULL, NULL, '0.79', '12', '254', NULL, 1327889400, NULL);
INSERT INTO `buoydata` VALUES(29, 16, '46026', '340', '0.983', '2.19', '16', '272', NULL, 1328208600, NULL);
INSERT INTO `buoydata` VALUES(30, 16, '46237', NULL, NULL, '2.59', '17', '243', NULL, 1328209800, NULL);
INSERT INTO `buoydata` VALUES(31, 17, '46026', '90', '7.018', '3.11', '14', '290', NULL, 1328385000, NULL);
INSERT INTO `buoydata` VALUES(32, 17, '46237', NULL, NULL, '3.29', '14', '253', NULL, 1328386200, NULL);
INSERT INTO `buoydata` VALUES(33, 18, '46012', '20', '0.983', '3.99', '14', '293', NULL, 1328388600, NULL);
INSERT INTO `buoydata` VALUES(34, 18, '46214', NULL, NULL, '2.99', '14', '291', NULL, 1328389860, NULL);
INSERT INTO `buoydata` VALUES(35, 18, '46237', NULL, NULL, '3.11', '13', '253', NULL, 1328389800, NULL);
INSERT INTO `buoydata` VALUES(36, 19, '46026', '90', '7.018', '2.1', '15', '290', NULL, 1328471400, NULL);
INSERT INTO `buoydata` VALUES(37, 19, '46237', NULL, NULL, '2.41', '14', '263', NULL, 1328470800, NULL);
INSERT INTO `buoydata` VALUES(38, 20, '46026', '150', '5.990', '1.4', '13', '299', NULL, 1328547000, NULL);
INSERT INTO `buoydata` VALUES(39, 20, '46237', NULL, NULL, '1.49', '13', '262', NULL, 1328548200, NULL);
INSERT INTO `buoydata` VALUES(40, 21, '46012', '30', '2.995', '4.21', '16', '279', NULL, 1328712600, NULL);
INSERT INTO `buoydata` VALUES(41, 21, '46214', NULL, NULL, '4.08', '17', '284', NULL, 1328715540, NULL);
INSERT INTO `buoydata` VALUES(42, 21, '46237', NULL, NULL, '4.79', '17', '252', NULL, 1328715600, NULL);
INSERT INTO `buoydata` VALUES(43, 22, '46012', '360', '3.979', '3.6', '16', '287', NULL, 1328737800, NULL);
INSERT INTO `buoydata` VALUES(44, 22, '46214', NULL, NULL, '3.99', '15', '288', NULL, 1328737140, NULL);
INSERT INTO `buoydata` VALUES(45, 22, '46237', NULL, NULL, '3.6', '15', '253', NULL, 1328737200, NULL);
INSERT INTO `buoydata` VALUES(46, 23, '46012', '30', '0.983', '3.11', '17', '276', NULL, 1328802600, NULL);
INSERT INTO `buoydata` VALUES(47, 23, '46214', NULL, NULL, '3.2', '14', '283', NULL, 1328803740, NULL);
INSERT INTO `buoydata` VALUES(48, 23, '46237', NULL, NULL, '2.99', '18', '252', NULL, 1328803800, NULL);
INSERT INTO `buoydata` VALUES(49, 24, '46012', '150', '3.979', '3.81', '15', '298', NULL, 1328892600, NULL);
INSERT INTO `buoydata` VALUES(50, 24, '46237', NULL, NULL, '2.99', '13', '246', NULL, 1328893800, NULL);
INSERT INTO `buoydata` VALUES(51, 24, '46026', '180', '5.990', '2.9', '14', '291', NULL, 1328892600, NULL);
INSERT INTO `buoydata` VALUES(52, 27, '46026', '110', '2.012', '1.8', '13', '276', NULL, 1329771000, NULL);
INSERT INTO `buoydata` VALUES(53, 27, '46237', NULL, NULL, '1.89', '12', '252', NULL, 1329770400, NULL);
INSERT INTO `buoydata` VALUES(54, 28, '46247', NULL, NULL, '2.41', '15', '287', NULL, 1330446060, NULL);
INSERT INTO `buoydata` VALUES(55, 31, '46026', '100', '5.007', '1.4', '11', '286', NULL, 1330800600, NULL);
INSERT INTO `buoydata` VALUES(56, 31, '46237', NULL, NULL, '1.31', '11', '260', NULL, 1330801800, NULL);
INSERT INTO `buoydata` VALUES(57, 32, '46026', '100', '0.983', '1.4', '10', '287', NULL, 1330811400, NULL);
INSERT INTO `buoydata` VALUES(58, 32, '46237', NULL, NULL, '1.19', '11', '263', NULL, 1330812600, NULL);
INSERT INTO `buoydata` VALUES(59, 35, '46026', '310', '7.018', '1.31', '16', '294', NULL, 1330905000, NULL);
INSERT INTO `buoydata` VALUES(60, 35, '46237', NULL, NULL, '1.71', '17', '249', NULL, 1330906200, NULL);
INSERT INTO `buoydata` VALUES(61, 36, '46026', '90', '2.012', '1.19', '17', '291', NULL, 1330879800, NULL);
INSERT INTO `buoydata` VALUES(62, 36, '46237', NULL, NULL, '0.92', '18', '246', NULL, 1330881000, NULL);
INSERT INTO `buoydata` VALUES(63, 37, '46026', NULL, NULL, '1.49', '11', '300', NULL, 1331225400, NULL);
INSERT INTO `buoydata` VALUES(64, 37, '46237', NULL, NULL, '1.19', '12', '264', NULL, 1331224800, NULL);
INSERT INTO `buoydata` VALUES(65, 38, '46026', '310', '3.979', '1.01', '12', '298', NULL, 1331311800, NULL);
INSERT INTO `buoydata` VALUES(66, 38, '46237', NULL, NULL, '0.79', '13', '257', NULL, 1331313000, NULL);
INSERT INTO `buoydata` VALUES(67, 39, '46026', NULL, NULL, '2.19', '15', '306', NULL, 1331409000, NULL);
INSERT INTO `buoydata` VALUES(68, 39, '46237', NULL, NULL, '2.19', '14', '260', NULL, 1331408400, NULL);
INSERT INTO `buoydata` VALUES(69, 40, '46026', '250', '2.995', '1.89', '13', '285', NULL, 1331502600, NULL);
INSERT INTO `buoydata` VALUES(70, 40, '46237', NULL, NULL, '1.71', '13', '266', NULL, 1331503800, NULL);
INSERT INTO `buoydata` VALUES(71, 41, '46026', '20', '2.995', '2.29', '11', '288', NULL, 1332172200, NULL);
INSERT INTO `buoydata` VALUES(72, 41, '46237', NULL, NULL, '2.01', '12', '264', NULL, 1332173400, NULL);
INSERT INTO `buoydata` VALUES(73, 42, '46026', '120', '2.995', '1.71', '11', '283', NULL, 1332262200, NULL);
INSERT INTO `buoydata` VALUES(74, 42, '46237', NULL, NULL, '1.4', '11', '250', NULL, 1332259800, NULL);
INSERT INTO `buoydata` VALUES(75, 43, '46026', '260', '0.983', '1.4', '9', '277', NULL, 1332301800, NULL);
INSERT INTO `buoydata` VALUES(76, 43, '46237', NULL, NULL, '1.31', '11', '263', NULL, 1332303000, NULL);
INSERT INTO `buoydata` VALUES(77, 45, '46026', '280', '2.995', '2.59', '15', '290', NULL, 1332359400, NULL);
INSERT INTO `buoydata` VALUES(78, 45, '46237', NULL, NULL, '2.29', '15', '262', NULL, 1332360600, NULL);
INSERT INTO `buoydata` VALUES(79, 47, '46026', '60', '5.990', '2.1', '12', '302', NULL, 1332697800, NULL);
INSERT INTO `buoydata` VALUES(80, 47, '46237', NULL, NULL, '2.01', '13', '263', NULL, 1332699000, NULL);
INSERT INTO `buoydata` VALUES(81, 48, '46086', '280', '3.979', '1.89', '13', '290', NULL, 1333129800, NULL);
INSERT INTO `buoydata` VALUES(82, 48, '46047', '310', '8.985', '2.8', '11', '301', NULL, 1333129800, NULL);
INSERT INTO `buoydata` VALUES(83, 49, '46086', '330', '2.012', '2.29', '17', '223', NULL, 1333209000, NULL);
INSERT INTO `buoydata` VALUES(84, 49, '46047', '280', '3.979', '3.2', '16', '301', NULL, 1333209000, NULL);
INSERT INTO `buoydata` VALUES(85, 50, '46012', '320', '8.985', '5.7', '16', '286', NULL, 1333306200, NULL);
INSERT INTO `buoydata` VALUES(86, 50, '46026', '320', '8.985', '4.6', '15', '277', NULL, 1333306200, NULL);
INSERT INTO `buoydata` VALUES(87, 51, '46086', '310', '3.979', '3.69', '15', '290', NULL, 1333378200, NULL);
INSERT INTO `buoydata` VALUES(88, 52, '46086', '10', '2.012', '2.41', '14', '275', NULL, 1333464600, NULL);
INSERT INTO `buoydata` VALUES(89, 53, '46026', '80', '5.007', '1.1', '9', '307', NULL, 1333821000, NULL);
INSERT INTO `buoydata` VALUES(90, 53, '46237', NULL, NULL, '1.01', '10', '271', NULL, 1333818600, NULL);
INSERT INTO `buoydata` VALUES(91, 54, '46026', '310', '10.013', '3.29', '14', '300', NULL, 1334433000, NULL);
INSERT INTO `buoydata` VALUES(92, 54, '46237', NULL, NULL, '3.6', '14', '253', NULL, 1334434200, NULL);
INSERT INTO `buoydata` VALUES(93, 54, '46214', NULL, NULL, '4.39', '14', '298', NULL, 1334434860, NULL);
INSERT INTO `buoydata` VALUES(97, 56, '46026', '320', '5.007', '1.58', '10', '277', NULL, 1335023400, NULL);
INSERT INTO `buoydata` VALUES(98, 56, '46237', NULL, NULL, '1.89', '11', '253', NULL, 1335024600, NULL);
INSERT INTO `buoydata` VALUES(99, 57, '46026', '150', '2.995', '1.01', '11', '268', NULL, 1335369000, NULL);
INSERT INTO `buoydata` VALUES(100, 57, '46237', NULL, NULL, '0.92', '11', '249', NULL, 1335370200, NULL);
INSERT INTO `buoydata` VALUES(101, 58, '46026', NULL, '8.002', '1.58', '7', '302', NULL, 1337478600, NULL);
INSERT INTO `buoydata` VALUES(102, 58, '46237', NULL, NULL, '1.49', '7', '276', NULL, 1337479800, NULL);
INSERT INTO `buoydata` VALUES(103, 59, '46026', NULL, '8.002', '1.19', '6', '301', NULL, 1337568600, NULL);
INSERT INTO `buoydata` VALUES(104, 59, '46237', NULL, NULL, '1.19', '4', '287', NULL, 1337566200, NULL);
INSERT INTO `buoydata` VALUES(105, 60, '46026', NULL, '13.008', '2.59', '11', '295', NULL, 1337874600, NULL);
INSERT INTO `buoydata` VALUES(106, 60, '46237', NULL, NULL, '2.71', '11', '257', NULL, 1337874000, NULL);
INSERT INTO `buoydata` VALUES(107, 60, '46214', NULL, NULL, '3.2', '11', '299', NULL, 1337874660, NULL);
INSERT INTO `buoydata` VALUES(108, 61, '46026', NULL, '0.983', '2.1', '10', '294', NULL, 1338087000, NULL);
INSERT INTO `buoydata` VALUES(109, 62, '46026', NULL, '2.995', '1.31', '8', '288', NULL, 1338141000, NULL);
INSERT INTO `buoydata` VALUES(110, 62, '46237', NULL, NULL, '1.4', '12', '259', NULL, 1338142200, NULL);
INSERT INTO `buoydata` VALUES(111, 63, '46026', NULL, '3.979', '1.49', '10', '302', NULL, 1338133800, NULL);
INSERT INTO `buoydata` VALUES(112, 63, '46237', NULL, NULL, '1.4', '11', '250', NULL, 1338140400, NULL);
INSERT INTO `buoydata` VALUES(113, 64, '46026', NULL, '5.007', '0.79', '8', '286', NULL, 1338227400, NULL);
INSERT INTO `buoydata` VALUES(114, 64, '46237', NULL, NULL, '0.92', '10', '257', NULL, 1338230400, NULL);
INSERT INTO `buoydata` VALUES(115, 65, '46026', NULL, '2.995', '1.01', '11', '273', NULL, 1338821400, NULL);
INSERT INTO `buoydata` VALUES(116, 65, '46237', NULL, NULL, '1.01', '10', '260', NULL, 1338820800, NULL);
INSERT INTO `buoydata` VALUES(117, 66, '46026', NULL, '7.018', '1.8', '8', '289', NULL, 1338907800, NULL);
INSERT INTO `buoydata` VALUES(118, 66, '46237', NULL, NULL, '1.8', '8', '256', NULL, 1338907200, NULL);
INSERT INTO `buoydata` VALUES(119, 66, '46059', '350', '7.018', '2.01', '15', NULL, NULL, 1338907800, NULL);
INSERT INTO `buoydata` VALUES(120, 68, '46026', NULL, '10.997', '2.19', '8', '305', NULL, 1338994200, NULL);
INSERT INTO `buoydata` VALUES(121, 68, '46237', NULL, NULL, '1.89', '8', '266', NULL, 1338995400, NULL);
INSERT INTO `buoydata` VALUES(122, 68, '46059', '310', '11.980', NULL, NULL, NULL, NULL, 1338987000, NULL);
INSERT INTO `buoydata` VALUES(123, 69, '46026', NULL, '8.002', '2.9', '9', '306', NULL, 1339253400, NULL);
INSERT INTO `buoydata` VALUES(124, 69, '46237', NULL, NULL, '2.59', '9', '270', NULL, 1339252800, NULL);
INSERT INTO `buoydata` VALUES(125, 70, '46026', NULL, '3.979', '1.89', '9', '300', NULL, 1339429800, NULL);
INSERT INTO `buoydata` VALUES(126, 70, '46237', NULL, NULL, '1.49', '10', '271', NULL, 1339429200, NULL);
INSERT INTO `buoydata` VALUES(127, 71, '46026', NULL, '5.990', '2.5', '11', '293', NULL, 1339343400, NULL);
INSERT INTO `buoydata` VALUES(128, 71, '46237', NULL, NULL, '2.41', '11', '271', NULL, 1339342800, NULL);
INSERT INTO `buoydata` VALUES(129, 72, '46026', NULL, '5.990', '2.01', '8', '302', NULL, 1339512600, NULL);
INSERT INTO `buoydata` VALUES(130, 72, '46237', NULL, NULL, '1.31', '8', '274', NULL, 1339512000, NULL);
INSERT INTO `buoydata` VALUES(131, 73, '46026', NULL, '3.979', '1.8', '9', '308', NULL, 1339879800, NULL);
INSERT INTO `buoydata` VALUES(132, 73, '46237', NULL, NULL, '1.31', '12', '257', NULL, 1339879200, NULL);
INSERT INTO `buoydata` VALUES(133, 74, '46026', NULL, '2.995', '2.1', '8', '300', NULL, 1340200200, NULL);
INSERT INTO `buoydata` VALUES(134, 74, '46237', NULL, NULL, '2.1', '12', '259', NULL, 1340201400, NULL);
INSERT INTO `buoydata` VALUES(135, 76, '46026', NULL, '3.979', '0.92', '16', '225', NULL, 1340412600, NULL);
INSERT INTO `buoydata` VALUES(136, 76, '46237', NULL, NULL, '0.79', '14', '226', NULL, 1340413800, NULL);
INSERT INTO `buoydata` VALUES(137, 77, '46026', NULL, '2.012', '1.19', '15', '220', NULL, 1340470200, NULL);
INSERT INTO `buoydata` VALUES(138, 77, '46237', NULL, NULL, '1.01', '15', '232', NULL, 1340471400, NULL);
INSERT INTO `buoydata` VALUES(139, 78, '46026', NULL, '2.012', '0.92', '15', '199', NULL, 1340542200, NULL);
INSERT INTO `buoydata` VALUES(140, 78, '46237', NULL, NULL, '0.92', '14', '229', NULL, 1340543400, NULL);
INSERT INTO `buoydata` VALUES(141, 80, '46026', NULL, '2.012', '1.1', '8', '292', NULL, 1340643000, NULL);
INSERT INTO `buoydata` VALUES(142, 80, '46237', NULL, NULL, '1.1', '14', '225', NULL, 1340642400, NULL);
INSERT INTO `buoydata` VALUES(143, 81, '46026', NULL, '2.995', '1.1', '14', '209', NULL, 1340639400, NULL);
INSERT INTO `buoydata` VALUES(144, 81, '46237', NULL, NULL, '1.1', '14', '225', NULL, 1340638800, NULL);
INSERT INTO `buoydata` VALUES(145, 82, '46026', NULL, '5.990', '1.19', '8', '282', NULL, 1340725800, NULL);
INSERT INTO `buoydata` VALUES(146, 82, '46237', NULL, NULL, '1.01', '8', '266', NULL, 1340725200, NULL);
INSERT INTO `buoydata` VALUES(147, 83, '46026', NULL, '5.990', '1.19', '8', '282', NULL, 1340725800, NULL);
INSERT INTO `buoydata` VALUES(148, 83, '46237', NULL, NULL, '1.1', '9', NULL, NULL, 1340727000, NULL);
INSERT INTO `buoydata` VALUES(149, 84, '46012', '310', '8.985', NULL, NULL, NULL, NULL, 1341690600, NULL);
INSERT INTO `buoydata` VALUES(150, 84, '46026', NULL, '5.007', '1.49', '17', '193', NULL, 1341690600, NULL);
INSERT INTO `buoydata` VALUES(151, 85, '46026', NULL, '7.018', '1.31', '16', '227', NULL, 1341766200, NULL);
INSERT INTO `buoydata` VALUES(152, 85, '46237', NULL, NULL, '1.31', '17', '229', NULL, 1341763800, NULL);
INSERT INTO `buoydata` VALUES(153, 86, '46026', NULL, '7.018', '1.31', '16', '227', NULL, 1341766200, NULL);
INSERT INTO `buoydata` VALUES(154, 86, '46237', NULL, NULL, '1.4', '17', '229', NULL, 1341765600, NULL);
INSERT INTO `buoydata` VALUES(155, 87, '46026', NULL, '2.995', '1.1', '9', '293', NULL, 1342536600, NULL);
INSERT INTO `buoydata` VALUES(156, 87, '46237', NULL, NULL, '0.92', '10', '262', NULL, 1342537800, NULL);
INSERT INTO `buoydata` VALUES(157, 88, '46026', NULL, '2.012', '1.01', '10', '266', NULL, 1342561800, NULL);
INSERT INTO `buoydata` VALUES(158, 89, '46012', '310', '8.002', '2.71', '10', '314', NULL, 1342979400, NULL);
INSERT INTO `buoydata` VALUES(159, 90, '46026', NULL, '5.007', '1.58', '11', '304', NULL, 1343145000, NULL);
INSERT INTO `buoydata` VALUES(160, 90, '46214', NULL, NULL, '1.8', '12', '290', NULL, 1343143260, NULL);
INSERT INTO `buoydata` VALUES(161, 91, '46026', NULL, '2.012', '0.92', '14', '199', NULL, 1343271000, NULL);
INSERT INTO `buoydata` VALUES(162, 91, '46214', NULL, NULL, '1.19', '13', '181', NULL, 1343271060, NULL);
INSERT INTO `buoydata` VALUES(163, 92, '46026', NULL, '8.002', '1.8', '8', '302', NULL, 1343497800, NULL);
INSERT INTO `buoydata` VALUES(164, 92, '46237', NULL, NULL, '1.31', '8', '274', NULL, 1343495880, NULL);
INSERT INTO `buoydata` VALUES(165, 92, '46214', NULL, NULL, '2.8', '7', '319', NULL, 1343496060, NULL);
INSERT INTO `buoydata` VALUES(166, 94, '46026', NULL, '5.007', '1.19', '9', '293', NULL, 1346165400, NULL);
INSERT INTO `buoydata` VALUES(167, 94, '46214', NULL, NULL, '1.4', '10', '299', NULL, 1346167260, NULL);
INSERT INTO `buoydata` VALUES(168, 96, '46026', NULL, '2.012', NULL, NULL, NULL, NULL, 1347551400, NULL);
INSERT INTO `buoydata` VALUES(169, 96, '46237', NULL, NULL, '0.92', '11', '281', NULL, 1347563880, NULL);
INSERT INTO `buoydata` VALUES(170, 96, '46214', NULL, NULL, '1.71', '9', '322', NULL, 1347551460, NULL);
INSERT INTO `buoydata` VALUES(171, 97, '46026', NULL, '5.007', '1.71', '11', '321', NULL, 1347461400, NULL);
INSERT INTO `buoydata` VALUES(172, 97, '46214', NULL, NULL, '2.59', '11', '323', NULL, 1347461460, NULL);
INSERT INTO `buoydata` VALUES(176, 99, '46026', NULL, '0.983', '0.79', '15', '187', NULL, 1347814200, NULL);
INSERT INTO `buoydata` VALUES(177, 99, '46237', NULL, NULL, '0.79', '17', '226', NULL, 1347815880, NULL);
INSERT INTO `buoydata` VALUES(178, 99, '46214', NULL, NULL, '1.31', '15', '193', NULL, 1347812460, NULL);
INSERT INTO `buoydata` VALUES(182, 101, '46026', NULL, '0.983', '2.5', '16', '280', NULL, 1348501800, NULL);
INSERT INTO `buoydata` VALUES(183, 101, '46237', NULL, NULL, '2.29', '15', '270', NULL, 1348503480, NULL);
INSERT INTO `buoydata` VALUES(184, 101, '46214', NULL, NULL, '3.81', '17', '291', NULL, 1348503660, NULL);
INSERT INTO `buoydata` VALUES(185, 102, '46026', NULL, NULL, '2.99', '16', '291', NULL, 1348519800, NULL);
INSERT INTO `buoydata` VALUES(186, 102, '46237', NULL, NULL, '2.29', '17', '267', NULL, 1348517880, NULL);
INSERT INTO `buoydata` VALUES(187, 102, '46214', NULL, NULL, '3.6', '17', '288', NULL, 1348518060, NULL);
INSERT INTO `buoydata` VALUES(188, 103, '46012', '310', '5.007', NULL, NULL, NULL, NULL, 1348523400, NULL);
INSERT INTO `buoydata` VALUES(189, 103, '46237', NULL, NULL, '2.19', '15', '270', NULL, 1348523280, NULL);
INSERT INTO `buoydata` VALUES(190, 103, '46026', NULL, '0.983', '2.71', '16', '280', NULL, 1348523400, NULL);
INSERT INTO `buoydata` VALUES(191, 104, '46026', NULL, NULL, '1.4', '8', '310', NULL, 1348761000, NULL);
INSERT INTO `buoydata` VALUES(192, 104, '46237', NULL, NULL, '1.4', '17', '231', NULL, 1348760880, NULL);
INSERT INTO `buoydata` VALUES(193, 104, '46214', NULL, NULL, '1.89', '10', '304', NULL, 1348761060, NULL);
INSERT INTO `buoydata` VALUES(194, 105, '46026', NULL, NULL, '1.4', '8', '310', NULL, 1348761000, NULL);
INSERT INTO `buoydata` VALUES(195, 105, '46237', NULL, NULL, '1.19', '18', '238', NULL, 1348762680, NULL);
INSERT INTO `buoydata` VALUES(196, 105, '46214', NULL, NULL, '1.89', '9', '314', NULL, 1348762860, NULL);
INSERT INTO `buoydata` VALUES(197, 106, '46026', NULL, '2.012', '1.01', '17', '209', NULL, 1348883400, NULL);
INSERT INTO `buoydata` VALUES(198, 106, '46237', NULL, NULL, '1.1', '17', '247', NULL, 1348881480, NULL);
INSERT INTO `buoydata` VALUES(199, 106, '46214', NULL, NULL, '1.49', '15', '215', NULL, 1348881660, NULL);
INSERT INTO `buoydata` VALUES(200, 107, '46214', NULL, NULL, '1.89', '14', '291', NULL, 1348939260, NULL);
INSERT INTO `buoydata` VALUES(201, 107, '46237', NULL, NULL, '1.58', '15', '257', NULL, 1348940880, NULL);
INSERT INTO `buoydata` VALUES(202, 108, '46026', NULL, '0.983', '1.89', '14', '298', NULL, 1348941000, NULL);
INSERT INTO `buoydata` VALUES(203, 108, '46237', NULL, NULL, '1.58', '15', '257', NULL, 1348940880, NULL);
INSERT INTO `buoydata` VALUES(204, 108, '46214', NULL, NULL, '2.59', '13', '288', NULL, 1348941060, NULL);
INSERT INTO `buoydata` VALUES(205, 109, '46026', NULL, '2.995', '1.89', '13', '293', NULL, 1348951800, NULL);
INSERT INTO `buoydata` VALUES(206, 109, '46237', NULL, NULL, '1.71', '13', '281', NULL, 1348953480, NULL);
INSERT INTO `buoydata` VALUES(207, 109, '46214', NULL, NULL, '2.29', '13', '299', NULL, 1348953660, NULL);
INSERT INTO `buoydata` VALUES(208, 111, '46026', NULL, '0.983', '2.01', '12', '299', NULL, 1349023800, NULL);
INSERT INTO `buoydata` VALUES(209, 111, '46237', NULL, NULL, '1.8', '13', '273', NULL, 1349025480, NULL);
INSERT INTO `buoydata` VALUES(210, 111, '46214', NULL, NULL, '2.41', '13', '290', NULL, 1349025660, NULL);
INSERT INTO `buoydata` VALUES(211, 112, '46026', NULL, '5.007', '2.01', '14', '280', NULL, 1349031000, NULL);
INSERT INTO `buoydata` VALUES(212, 112, '46237', NULL, NULL, '1.89', '15', '260', NULL, 1349030880, NULL);
INSERT INTO `buoydata` VALUES(213, 112, '46214', NULL, NULL, '2.41', '12', '298', NULL, 1349029260, NULL);
INSERT INTO `buoydata` VALUES(214, 113, '46026', NULL, '7.018', '1.89', '13', '281', NULL, 1349056200, NULL);
INSERT INTO `buoydata` VALUES(215, 113, '46237', NULL, NULL, '1.8', '14', '273', NULL, 1349056080, NULL);
INSERT INTO `buoydata` VALUES(216, 113, '46214', NULL, NULL, '2.29', '13', '294', NULL, 1349054460, NULL);
INSERT INTO `buoydata` VALUES(217, 114, '46026', NULL, '5.990', '2.01', '14', '265', NULL, 1349034600, NULL);
INSERT INTO `buoydata` VALUES(218, 114, '46237', NULL, NULL, '1.71', '13', '269', NULL, 1349034480, NULL);
INSERT INTO `buoydata` VALUES(219, 114, '46214', NULL, NULL, '2.59', '14', '287', NULL, 1349034660, NULL);
INSERT INTO `buoydata` VALUES(220, 115, '46026', NULL, '5.990', '1.58', '11', '284', NULL, 1349128200, NULL);
INSERT INTO `buoydata` VALUES(221, 115, '46237', NULL, NULL, '1.31', '15', '239', NULL, 1349128080, NULL);
INSERT INTO `buoydata` VALUES(222, 115, '46214', NULL, NULL, '1.89', '13', '314', NULL, 1349126460, NULL);
INSERT INTO `buoydata` VALUES(223, 116, '46026', NULL, '0.983', '1.58', '16', '189', NULL, 1349106600, NULL);
INSERT INTO `buoydata` VALUES(224, 116, '46237', NULL, NULL, '1.58', '17', '229', NULL, 1349106480, NULL);
INSERT INTO `buoydata` VALUES(225, 116, '46214', NULL, NULL, '2.19', '11', '314', NULL, 1349106660, NULL);
INSERT INTO `buoydata` VALUES(226, 117, '46026', NULL, '7.018', '1.4', '16', '208', NULL, 1349229000, NULL);
INSERT INTO `buoydata` VALUES(227, 117, '46237', NULL, NULL, '1.19', '17', '232', NULL, 1349228880, NULL);
INSERT INTO `buoydata` VALUES(228, 117, '46214', NULL, NULL, '2.1', '10', '326', NULL, 1349229060, NULL);
INSERT INTO `buoydata` VALUES(229, 118, '46026', NULL, '0.983', '1.49', '11', '315', NULL, 1349279400, NULL);
INSERT INTO `buoydata` VALUES(230, 118, '46237', NULL, NULL, '1.31', '15', '225', NULL, 1349279280, NULL);
INSERT INTO `buoydata` VALUES(231, 118, '46214', NULL, NULL, '2.71', '10', '322', NULL, 1349279460, NULL);
INSERT INTO `buoydata` VALUES(232, 119, '46026', NULL, '2.012', '1.19', '11', '303', NULL, 1349398200, NULL);
INSERT INTO `buoydata` VALUES(233, 119, '46237', NULL, NULL, '1.01', '17', '225', NULL, 1349399880, NULL);
INSERT INTO `buoydata` VALUES(234, 119, '46214', NULL, NULL, '1.58', '10', '330', NULL, 1349400060, NULL);
INSERT INTO `buoydata` VALUES(235, 120, '46026', NULL, '2.995', '1.31', '16', '208', NULL, 1349452200, NULL);
INSERT INTO `buoydata` VALUES(236, 120, '46237', NULL, NULL, '1.01', '15', '231', NULL, 1349453880, NULL);
INSERT INTO `buoydata` VALUES(237, 120, '46214', NULL, NULL, '1.31', '15', '194', NULL, 1349454060, NULL);
INSERT INTO `buoydata` VALUES(238, 121, '46026', NULL, '2.995', '1.01', '15', '258', NULL, 1349628600, NULL);
INSERT INTO `buoydata` VALUES(239, 121, '46237', NULL, NULL, '1.1', '15', '266', NULL, 1349628480, NULL);
INSERT INTO `buoydata` VALUES(240, 121, '46214', NULL, NULL, '1.19', '17', '236', NULL, 1349628660, NULL);
INSERT INTO `buoydata` VALUES(241, 122, '46026', NULL, '2.012', '1.01', '16', '281', NULL, 1349632200, NULL);
INSERT INTO `buoydata` VALUES(242, 122, '46237', NULL, NULL, '1.1', '15', '269', NULL, 1349632080, NULL);
INSERT INTO `buoydata` VALUES(243, 122, '46214', NULL, NULL, '1.4', '14', '266', NULL, 1349632260, NULL);
INSERT INTO `buoydata` VALUES(244, 123, '46026', NULL, '2.012', '1.1', '15', '217', NULL, 1349711400, NULL);
INSERT INTO `buoydata` VALUES(245, 123, '46237', NULL, NULL, '0.92', '13', '260', NULL, 1349709480, NULL);
INSERT INTO `buoydata` VALUES(246, 123, '46214', NULL, NULL, '1.19', '13', '288', NULL, 1349707860, NULL);
INSERT INTO `buoydata` VALUES(247, 124, '46026', NULL, '0.983', '0.79', '11', '276', NULL, 1349805000, NULL);
INSERT INTO `buoydata` VALUES(248, 124, '46237', NULL, NULL, '0.79', '12', '253', NULL, 1349804880, NULL);
INSERT INTO `buoydata` VALUES(249, 124, '46214', NULL, NULL, '1.01', '13', '219', NULL, 1349805060, NULL);
INSERT INTO `buoydata` VALUES(250, 125, '46026', NULL, '5.990', '1.19', '19', '274', NULL, 1349880600, NULL);
INSERT INTO `buoydata` VALUES(251, 125, '46237', NULL, NULL, '1.19', '20', '256', NULL, 1349880480, NULL);
INSERT INTO `buoydata` VALUES(252, 125, '46214', NULL, NULL, '1.8', '18', '302', NULL, 1349880660, NULL);
INSERT INTO `buoydata` VALUES(253, 126, '46026', NULL, '5.007', '1.4', '19', '276', NULL, 1349887800, NULL);
INSERT INTO `buoydata` VALUES(254, 126, '46237', NULL, NULL, '1.4', '18', '267', NULL, 1349885880, NULL);
INSERT INTO `buoydata` VALUES(255, 126, '46214', NULL, NULL, '1.71', '18', '301', NULL, 1349886060, NULL);
INSERT INTO `buoydata` VALUES(256, 128, '46026', NULL, '0.983', '1.19', '14', '279', NULL, 1350060600, NULL);
INSERT INTO `buoydata` VALUES(257, 128, '46237', NULL, NULL, '1.19', '13', '267', NULL, 1350060480, NULL);
INSERT INTO `buoydata` VALUES(258, 128, '46214', NULL, NULL, '1.4', '13', '284', NULL, 1350060660, NULL);
INSERT INTO `buoydata` VALUES(259, 129, '46026', NULL, '2.995', '1.31', '13', '273', NULL, 1350064200, NULL);
INSERT INTO `buoydata` VALUES(260, 129, '46237', NULL, NULL, '1.01', '14', '262', NULL, 1350065880, NULL);
INSERT INTO `buoydata` VALUES(261, 129, '46214', NULL, NULL, '1.49', '13', '273', NULL, 1350066060, NULL);
INSERT INTO `buoydata` VALUES(262, 130, '46026', NULL, '5.990', '1.49', '16', '286', NULL, 1349970600, NULL);
INSERT INTO `buoydata` VALUES(263, 130, '46237', NULL, NULL, '1.4', '17', '266', NULL, 1349972280, NULL);
INSERT INTO `buoydata` VALUES(264, 130, '46214', NULL, NULL, '1.71', '15', '287', NULL, 1349972460, NULL);
INSERT INTO `buoydata` VALUES(265, 131, '46026', NULL, '5.990', '1.49', '16', '286', NULL, 1349970600, NULL);
INSERT INTO `buoydata` VALUES(266, 131, '46237', NULL, NULL, '1.4', '17', '266', NULL, 1349972280, NULL);
INSERT INTO `buoydata` VALUES(267, 131, '46214', NULL, NULL, '1.71', '15', '287', NULL, 1349972460, NULL);
INSERT INTO `buoydata` VALUES(268, 132, '46026', NULL, NULL, '1.19', '13', '289', NULL, 1350147000, NULL);
INSERT INTO `buoydata` VALUES(269, 132, '46237', NULL, NULL, '1.31', '12', '266', NULL, 1350146880, NULL);
INSERT INTO `buoydata` VALUES(270, 132, '46214', NULL, NULL, '1.71', '11', '281', NULL, 1350145260, NULL);
INSERT INTO `buoydata` VALUES(271, 133, '46026', NULL, NULL, '1.1', '13', '278', NULL, 1350143400, NULL);
INSERT INTO `buoydata` VALUES(272, 133, '46237', NULL, NULL, '1.19', '12', '266', NULL, 1350145080, NULL);
INSERT INTO `buoydata` VALUES(273, 133, '46214', NULL, NULL, '1.71', '11', '281', NULL, 1350145260, NULL);
INSERT INTO `buoydata` VALUES(274, 134, '46026', NULL, '5.007', '1.4', '11', '283', NULL, 1350168600, NULL);
INSERT INTO `buoydata` VALUES(275, 134, '46237', NULL, NULL, '1.4', '12', '266', NULL, 1350170280, NULL);
INSERT INTO `buoydata` VALUES(276, 134, '46214', NULL, NULL, '1.58', '10', '278', NULL, 1350170460, NULL);
INSERT INTO `buoydata` VALUES(277, 135, '46026', NULL, '3.979', '1.19', '11', '285', NULL, 1350226200, NULL);
INSERT INTO `buoydata` VALUES(278, 135, '46237', NULL, NULL, '1.1', '12', '266', NULL, 1350227880, NULL);
INSERT INTO `buoydata` VALUES(279, 135, '46214', NULL, NULL, '1.49', '11', '283', NULL, 1350228060, NULL);
INSERT INTO `buoydata` VALUES(280, 136, '46026', NULL, '5.007', '1.58', '15', '285', NULL, 1350319800, NULL);
INSERT INTO `buoydata` VALUES(281, 136, '46237', NULL, NULL, '1.49', '14', '267', NULL, 1350321480, NULL);
INSERT INTO `buoydata` VALUES(282, 136, '46214', NULL, NULL, '2.41', '14', '308', NULL, 1350321660, NULL);
INSERT INTO `buoydata` VALUES(283, 137, '46026', NULL, '5.990', '2.29', '14', '282', NULL, 1350395400, NULL);
INSERT INTO `buoydata` VALUES(284, 137, '46237', NULL, NULL, '2.41', '13', '280', NULL, 1350395280, NULL);
INSERT INTO `buoydata` VALUES(285, 137, '46214', NULL, NULL, '3.11', '13', '295', NULL, 1350395460, NULL);
INSERT INTO `buoydata` VALUES(286, 138, '46026', NULL, '2.995', '2.19', '11', '301', NULL, 1350564600, NULL);
INSERT INTO `buoydata` VALUES(287, 138, '46237', NULL, NULL, '1.8', '11', '270', NULL, 1350564480, NULL);
INSERT INTO `buoydata` VALUES(288, 138, '46214', NULL, NULL, '2.9', '11', '307', NULL, 1350564660, NULL);
INSERT INTO `buoydata` VALUES(289, 139, '46026', NULL, '5.007', '2.1', '11', '291', NULL, 1350586200, NULL);
INSERT INTO `buoydata` VALUES(290, 139, '46237', NULL, NULL, '1.49', '11', '273', NULL, 1350586080, NULL);
INSERT INTO `buoydata` VALUES(291, 139, '46214', NULL, NULL, '2.8', '13', '318', NULL, 1350586260, NULL);
INSERT INTO `buoydata` VALUES(292, 140, '46026', NULL, NULL, '1.4', '12', '302', NULL, 1350661800, NULL);
INSERT INTO `buoydata` VALUES(293, 140, '46237', NULL, NULL, '1.1', '13', '285', NULL, 1350661680, NULL);
INSERT INTO `buoydata` VALUES(294, 140, '46214', NULL, NULL, '1.8', '13', '318', NULL, 1350661860, NULL);
INSERT INTO `buoydata` VALUES(295, 141, '46026', NULL, '0.983', '1.1', '11', '300', NULL, 1350676200, NULL);
INSERT INTO `buoydata` VALUES(296, 141, '46237', NULL, NULL, '1.01', '13', '256', NULL, 1350676080, NULL);
INSERT INTO `buoydata` VALUES(297, 141, '46214', NULL, NULL, '1.49', '13', '330', NULL, 1350676260, NULL);
INSERT INTO `buoydata` VALUES(298, 142, '46026', NULL, '3.979', '1.89', '11', '295', NULL, 1351093800, NULL);
INSERT INTO `buoydata` VALUES(299, 142, '46237', NULL, NULL, '1.49', '11', '280', NULL, 1351093680, NULL);
INSERT INTO `buoydata` VALUES(300, 142, '46214', NULL, NULL, '2.1', '11', '308', NULL, 1351093860, NULL);
INSERT INTO `buoydata` VALUES(301, 143, '46026', NULL, '5.990', '1.1', '9', '297', NULL, 1351187400, NULL);
INSERT INTO `buoydata` VALUES(302, 143, '46237', NULL, NULL, '0.92', '18', '249', NULL, 1351185480, NULL);
INSERT INTO `buoydata` VALUES(303, 143, '46214', NULL, NULL, '1.49', '18', '209', NULL, 1351185660, NULL);
INSERT INTO `buoydata` VALUES(304, 144, '46026', NULL, '5.007', '1.4', '8', '279', NULL, 1351443000, NULL);
INSERT INTO `buoydata` VALUES(305, 144, '46237', NULL, NULL, '1.1', '14', '270', NULL, 1351444680, NULL);
INSERT INTO `buoydata` VALUES(306, 144, '46214', NULL, NULL, '2.01', '14', '269', NULL, 1351444860, NULL);
INSERT INTO `buoydata` VALUES(307, 145, '46026', NULL, '7.018', '1.31', '14', '284', NULL, 1351457400, NULL);
INSERT INTO `buoydata` VALUES(308, 145, '46237', NULL, NULL, '1.31', '13', '257', NULL, 1351459080, NULL);
INSERT INTO `buoydata` VALUES(309, 145, '46214', NULL, NULL, '1.58', '14', '287', NULL, 1351457460, NULL);
INSERT INTO `buoydata` VALUES(310, 146, '46026', NULL, '3.979', '1.19', '9', '277', NULL, 1351965000, NULL);
INSERT INTO `buoydata` VALUES(311, 146, '46237', NULL, NULL, '1.4', '10', '266', NULL, 1351964880, NULL);
INSERT INTO `buoydata` VALUES(312, 146, '46214', NULL, NULL, '1.49', '9', '259', NULL, 1351965060, NULL);
INSERT INTO `buoydata` VALUES(313, 147, '46026', NULL, '5.007', '1.31', '9', '266', NULL, 1351990200, NULL);
INSERT INTO `buoydata` VALUES(314, 147, '46237', NULL, NULL, '1.01', '9', '266', NULL, 1351990080, NULL);
INSERT INTO `buoydata` VALUES(315, 147, '46214', NULL, NULL, '1.4', '8', '270', NULL, 1351990260, NULL);
INSERT INTO `buoydata` VALUES(316, 149, '46026', NULL, '2.012', '1.8', '12', '288', NULL, 1352040600, NULL);
INSERT INTO `buoydata` VALUES(317, 149, '46237', NULL, NULL, '2.01', '12', '267', NULL, 1352042280, NULL);
INSERT INTO `buoydata` VALUES(318, 149, '46214', NULL, NULL, '2.59', '13', '301', NULL, 1352042460, NULL);
INSERT INTO `buoydata` VALUES(319, 150, '46026', NULL, '5.990', '1.89', '11', '295', NULL, 1352134200, NULL);
INSERT INTO `buoydata` VALUES(320, 150, '46237', NULL, NULL, '1.71', '12', '280', NULL, 1352134080, NULL);
INSERT INTO `buoydata` VALUES(321, 150, '46214', NULL, NULL, '2.71', '12', '304', NULL, 1352132460, NULL);
INSERT INTO `buoydata` VALUES(322, 151, '46026', NULL, '3.979', '2.29', '14', '300', NULL, 1352220600, NULL);
INSERT INTO `buoydata` VALUES(323, 151, '46237', NULL, NULL, '2.29', '15', '263', NULL, 1352220480, NULL);
INSERT INTO `buoydata` VALUES(324, 151, '46214', NULL, NULL, '2.71', '13', '288', NULL, 1352220660, NULL);
INSERT INTO `buoydata` VALUES(325, 152, '46026', NULL, '2.012', '2.01', '11', '288', NULL, 1352051400, NULL);
INSERT INTO `buoydata` VALUES(326, 152, '46237', NULL, NULL, '2.1', '13', '274', NULL, 1352051280, NULL);
INSERT INTO `buoydata` VALUES(327, 152, '46214', NULL, NULL, '2.99', '11', '284', NULL, 1352051460, NULL);
INSERT INTO `buoydata` VALUES(328, 153, '46026', NULL, '3.979', '2.01', '14', '279', NULL, 1352213400, NULL);
INSERT INTO `buoydata` VALUES(329, 153, '46237', NULL, NULL, '2.41', '14', '270', NULL, 1352215080, NULL);
INSERT INTO `buoydata` VALUES(330, 153, '46214', NULL, NULL, '3.2', '14', '292', NULL, 1352215260, NULL);
INSERT INTO `buoydata` VALUES(331, 155, '46026', NULL, '5.007', '1.31', '10', '306', NULL, 1352656200, NULL);
INSERT INTO `buoydata` VALUES(332, 155, '46237', NULL, NULL, '0.92', '14', '224', NULL, 1352656080, NULL);
INSERT INTO `buoydata` VALUES(333, 155, '46214', NULL, NULL, '1.89', '11', '329', NULL, 1352656260, NULL);
INSERT INTO `buoydata` VALUES(334, 156, '46026', NULL, '5.007', '1.31', '11', '286', NULL, 1352821800, NULL);
INSERT INTO `buoydata` VALUES(335, 156, '46237', NULL, NULL, '1.19', '9', '264', NULL, 1352821680, NULL);
INSERT INTO `buoydata` VALUES(336, 156, '46214', NULL, NULL, '1.49', '13', '269', NULL, 1352821860, NULL);
INSERT INTO `buoydata` VALUES(337, 157, '46026', NULL, '7.018', '1.1', '12', '279', NULL, 1352911800, NULL);
INSERT INTO `buoydata` VALUES(338, 157, '46237', NULL, NULL, '0.79', '12', '277', NULL, 1352913480, NULL);
INSERT INTO `buoydata` VALUES(339, 157, '46214', NULL, NULL, '1.4', '12', '305', NULL, 1352913660, NULL);
INSERT INTO `buoydata` VALUES(340, 158, '46026', NULL, '8.985', '1.71', '17', '270', NULL, 1353113400, NULL);
INSERT INTO `buoydata` VALUES(341, 158, '46237', NULL, NULL, '1.49', '18', '256', NULL, 1353113280, NULL);
INSERT INTO `buoydata` VALUES(342, 158, '46214', NULL, NULL, '2.41', '18', '305', NULL, 1353113460, NULL);
INSERT INTO `buoydata` VALUES(343, 159, '46026', NULL, '3.979', '2.99', '15', '285', NULL, 1353279000, NULL);
INSERT INTO `buoydata` VALUES(344, 159, '46237', NULL, NULL, '2.41', '14', '264', NULL, 1353280680, NULL);
INSERT INTO `buoydata` VALUES(345, 159, '46214', NULL, NULL, '3.99', '13', '308', NULL, 1353279060, NULL);
INSERT INTO `buoydata` VALUES(346, 160, '46237', NULL, NULL, '2.59', '14', '271', NULL, 1353538080, NULL);
INSERT INTO `buoydata` VALUES(347, 160, '46026', NULL, '5.007', '2.9', '12', '291', NULL, 1353538200, NULL);
INSERT INTO `buoydata` VALUES(348, 161, '46237', NULL, NULL, '2.9', '13', '271', NULL, 1353610080, NULL);
INSERT INTO `buoydata` VALUES(349, 161, '46026', NULL, '2.012', '2.71', '13', '305', NULL, 1353610200, NULL);
INSERT INTO `buoydata` VALUES(350, 162, '46026', NULL, NULL, '1.49', '15', '222', NULL, 1353693000, NULL);
INSERT INTO `buoydata` VALUES(351, 162, '46237', NULL, NULL, '1.49', '11', '274', NULL, 1353694680, NULL);
INSERT INTO `buoydata` VALUES(352, 162, '46214', NULL, NULL, '1.8', '11', '284', NULL, 1353694860, NULL);
INSERT INTO `buoydata` VALUES(353, 163, '46026', NULL, '5.007', '2.99', '13', '289', NULL, 1354495800, NULL);
INSERT INTO `buoydata` VALUES(354, 163, '46237', NULL, NULL, '3.11', '13', '271', NULL, 1354495680, NULL);
INSERT INTO `buoydata` VALUES(355, 163, '46214', NULL, NULL, '3.81', '13', '290', NULL, 1354495860, NULL);
INSERT INTO `buoydata` VALUES(356, 164, '46026', NULL, NULL, '2.01', '11', '289', NULL, 1354575000, NULL);
INSERT INTO `buoydata` VALUES(357, 164, '46237', NULL, NULL, '1.8', '11', '274', NULL, 1354574880, NULL);
INSERT INTO `buoydata` VALUES(358, 164, '46214', NULL, NULL, '2.8', '11', '294', NULL, 1354575060, NULL);
INSERT INTO `buoydata` VALUES(359, 165, '46026', NULL, '7.018', '1.1', '10', '277', NULL, 1354639800, NULL);
INSERT INTO `buoydata` VALUES(360, 165, '46237', NULL, NULL, '1.19', '11', '273', NULL, 1354639680, NULL);
INSERT INTO `buoydata` VALUES(361, 165, '46214', NULL, NULL, '1.71', '11', '288', NULL, 1354639860, NULL);
INSERT INTO `buoydata` VALUES(362, 166, '46026', NULL, NULL, '2.1', '8', '308', NULL, 1354902600, NULL);
INSERT INTO `buoydata` VALUES(363, 166, '46237', NULL, NULL, '1.58', '12', '269', NULL, 1354900680, NULL);
INSERT INTO `buoydata` VALUES(364, 166, '46214', NULL, NULL, '2.99', '8', '321', NULL, 1354900860, NULL);
INSERT INTO `buoydata` VALUES(365, 167, '46026', NULL, NULL, '2.1', '8', '308', NULL, 1354902600, NULL);
INSERT INTO `buoydata` VALUES(366, 167, '46237', NULL, NULL, '1.49', '9', '276', NULL, 1354902480, NULL);
INSERT INTO `buoydata` VALUES(367, 167, '46214', NULL, NULL, '2.99', '8', '325', NULL, 1354902660, NULL);
INSERT INTO `buoydata` VALUES(368, 168, '46026', NULL, NULL, '1.89', '11', '304', NULL, 1354989000, NULL);
INSERT INTO `buoydata` VALUES(369, 168, '46237', NULL, NULL, '1.1', '11', '273', NULL, 1354988880, NULL);
INSERT INTO `buoydata` VALUES(370, 168, '46214', NULL, NULL, '2.5', '11', '312', NULL, 1354989060, NULL);
INSERT INTO `buoydata` VALUES(371, 169, '46026', NULL, NULL, '2.1', '11', '308', NULL, 1355079000, NULL);
INSERT INTO `buoydata` VALUES(372, 169, '46237', NULL, NULL, '1.4', '10', '273', NULL, 1355078880, NULL);
INSERT INTO `buoydata` VALUES(373, 169, '46214', NULL, NULL, '3.51', '11', '316', NULL, 1355079060, NULL);
INSERT INTO `buoydata` VALUES(374, 170, '46026', NULL, NULL, '1.4', '8', '302', NULL, 1355161800, NULL);
INSERT INTO `buoydata` VALUES(375, 170, '46237', NULL, NULL, '1.1', '10', '280', NULL, 1355159880, NULL);
INSERT INTO `buoydata` VALUES(376, 170, '46214', NULL, NULL, '1.89', '8', '325', NULL, 1355160060, NULL);
INSERT INTO `buoydata` VALUES(377, 171, '46026', NULL, NULL, '1.49', '9', '307', NULL, 1355158200, NULL);
INSERT INTO `buoydata` VALUES(378, 171, '46237', NULL, NULL, '1.1', '10', '280', NULL, 1355159880, NULL);
INSERT INTO `buoydata` VALUES(379, 171, '46214', NULL, NULL, '1.89', '8', '325', NULL, 1355160060, NULL);
INSERT INTO `buoydata` VALUES(380, 172, '46026', '80', '5.990', '2.99', '13', NULL, NULL, 1355421000, NULL);
INSERT INTO `buoydata` VALUES(381, 172, '46237', NULL, NULL, '2.1', '13', '271', NULL, 1355420880, NULL);
INSERT INTO `buoydata` VALUES(382, 172, '46214', NULL, NULL, '4.39', '13', '319', NULL, 1355421060, NULL);
INSERT INTO `buoydata` VALUES(383, 173, '46026', '170', '3.979', '1.71', '10', NULL, NULL, 1355593800, NULL);
INSERT INTO `buoydata` VALUES(384, 173, '46237', NULL, NULL, '1.1', '11', '277', NULL, 1355593680, NULL);
INSERT INTO `buoydata` VALUES(385, 173, '46214', NULL, NULL, '2.71', '10', '318', NULL, 1355593860, NULL);
INSERT INTO `buoydata` VALUES(386, 174, '46026', '110', '5.990', '1.58', '16', NULL, NULL, 1355680200, NULL);
INSERT INTO `buoydata` VALUES(387, 174, '46237', NULL, NULL, '1.71', '6', '204', NULL, 1355680080, NULL);
INSERT INTO `buoydata` VALUES(388, 174, '46214', NULL, NULL, '2.41', '15', '298', NULL, 1355680260, NULL);
INSERT INTO `buoydata` VALUES(389, 175, '51205', NULL, NULL, '2.59', '8', '61', NULL, 1355887080, NULL);
INSERT INTO `buoydata` VALUES(390, 175, '46214', NULL, NULL, '4.08', '13', '309', NULL, 1355887260, NULL);
INSERT INTO `buoydata` VALUES(391, 176, '46026', '110', '2.995', '2.59', '14', NULL, NULL, 1355939400, NULL);
INSERT INTO `buoydata` VALUES(392, 176, '46214', NULL, NULL, '4.39', '14', '312', NULL, 1355939460, NULL);
INSERT INTO `buoydata` VALUES(393, 177, '46026', '140', '10.013', '1.58', '11', NULL, NULL, 1356468600, NULL);
INSERT INTO `buoydata` VALUES(394, 178, '51205', NULL, NULL, '2.99', '17', '321', NULL, 1356482880, NULL);
INSERT INTO `buoydata` VALUES(395, 179, '46026', '100', '7.018', '2.41', '21', NULL, NULL, 1356742200, NULL);
INSERT INTO `buoydata` VALUES(396, 179, '46214', NULL, NULL, '2.71', '22', '291', NULL, 1356740460, NULL);
INSERT INTO `buoydata` VALUES(397, 180, '51205', NULL, NULL, '2.99', '17', '316', NULL, 1356923880, NULL);
INSERT INTO `buoydata` VALUES(398, 180, '51101', '280', '5.990', '4.91', '16', '291', NULL, 1356922200, NULL);
INSERT INTO `buoydata` VALUES(399, 180, '51201', NULL, NULL, '3.51', '14', '314', NULL, 1356924300, NULL);
INSERT INTO `buoydata` VALUES(400, 181, '46012', '50', '7.018', '3.69', '17', '305', NULL, 1356799800, NULL);
INSERT INTO `buoydata` VALUES(401, 181, '46026', '70', '8.002', '3.11', '11', NULL, NULL, 1356799800, NULL);
INSERT INTO `buoydata` VALUES(402, 182, '51205', NULL, NULL, '3.6', '15', '314', NULL, 1356974280, NULL);
INSERT INTO `buoydata` VALUES(403, 182, '51101', '330', '7.018', '4.3', '16', '321', NULL, 1356972600, NULL);
INSERT INTO `buoydata` VALUES(404, 182, '51201', NULL, NULL, '4.7', '15', '318', NULL, 1356974700, NULL);
INSERT INTO `buoydata` VALUES(405, 183, '51205', NULL, NULL, '3.6', '17', '321', NULL, 1356990480, NULL);
INSERT INTO `buoydata` VALUES(406, 183, '51101', '340', '8.985', '3.51', '13', '316', NULL, 1356990600, NULL);
INSERT INTO `buoydata` VALUES(407, 183, '51201', NULL, NULL, '3.99', '17', '325', NULL, 1356990900, NULL);
INSERT INTO `buoydata` VALUES(408, 184, '51205', NULL, NULL, '3.99', '17', '321', NULL, 1356997680, NULL);
INSERT INTO `buoydata` VALUES(409, 185, '51205', NULL, NULL, '3.42', '15', '317', NULL, 1357085880, NULL);
INSERT INTO `buoydata` VALUES(410, 186, '46026', '60', '10.013', '2.19', '15', NULL, NULL, 1357073400, NULL);
INSERT INTO `buoydata` VALUES(411, 186, '46214', NULL, NULL, '2.8', '17', '305', NULL, 1357073460, NULL);
INSERT INTO `buoydata` VALUES(412, 187, '46026', '90', '8.002', '2.1', '14', NULL, NULL, 1357235400, NULL);
INSERT INTO `buoydata` VALUES(413, 187, '46214', NULL, NULL, '2.59', '14', '292', NULL, 1357237260, NULL);
INSERT INTO `buoydata` VALUES(414, 188, '46026', '140', '7.018', '1.49', '13', NULL, NULL, 1357419000, NULL);
INSERT INTO `buoydata` VALUES(415, 188, '46237', NULL, NULL, '1.71', '13', '264', NULL, 1357419060, NULL);
INSERT INTO `buoydata` VALUES(416, 188, '46214', NULL, NULL, '1.89', '13', '277', NULL, 1357419060, NULL);
INSERT INTO `buoydata` VALUES(417, 189, '46026', '350', '7.018', '3.42', '13', NULL, NULL, 1357505400, NULL);
INSERT INTO `buoydata` VALUES(418, 189, '46012', '330', '10.013', '4.21', '15', '314', NULL, 1357505400, NULL);
INSERT INTO `buoydata` VALUES(419, 190, '51205', NULL, NULL, '3.99', '11', '69', NULL, 1357516080, NULL);
INSERT INTO `buoydata` VALUES(420, 191, '51205', NULL, NULL, '3.6', '11', '74', NULL, 1357532280, NULL);
INSERT INTO `buoydata` VALUES(421, 191, '51101', '110', '8.002', '3.42', '11', '110', NULL, 1357530600, NULL);
INSERT INTO `buoydata` VALUES(422, 192, '46026', '70', '0.983', '2.01', '9', NULL, NULL, 1358023800, NULL);
INSERT INTO `buoydata` VALUES(423, 192, '46237', NULL, NULL, '1.49', '11', '278', NULL, 1358025660, NULL);
INSERT INTO `buoydata` VALUES(424, 192, '46214', NULL, NULL, '2.8', '10', '312', NULL, 1358025660, NULL);
INSERT INTO `buoydata` VALUES(425, 193, '46026', '320', '2.995', '2.29', '10', NULL, NULL, 1358124600, NULL);
INSERT INTO `buoydata` VALUES(426, 193, '46237', NULL, NULL, '1.71', '11', '277', NULL, 1358126460, NULL);
INSERT INTO `buoydata` VALUES(427, 193, '46214', NULL, NULL, '2.99', '10', '321', NULL, 1358126460, NULL);
INSERT INTO `buoydata` VALUES(428, 194, '46026', '90', '5.007', '1.71', '10', NULL, NULL, 1358110200, NULL);
INSERT INTO `buoydata` VALUES(429, 194, '46237', NULL, NULL, '1.4', '11', '281', NULL, 1358112060, NULL);
INSERT INTO `buoydata` VALUES(430, 194, '46214', NULL, NULL, '2.8', '9', '307', NULL, 1358108460, NULL);
INSERT INTO `buoydata` VALUES(431, 276, '46214', '0', '0.000', '0.34', '14', '271', 'MM', 1358542260, NULL);
INSERT INTO `buoydata` VALUES(432, 0, '', '0', '0.000', '0', '0', '0', '', 0, NULL);
INSERT INTO `buoydata` VALUES(433, 287, '46214', '0', '0.000', '0', '0', '0', '', 0, NULL);
INSERT INTO `buoydata` VALUES(434, 288, '46214', '0', '0.000', '0.34', '14', '280', 'MM', 1358554860, NULL);
INSERT INTO `buoydata` VALUES(435, 289, '46214', '0', '0.000', '0.34', '13', '278', 'MM', 1358560260, NULL);
INSERT INTO `buoydata` VALUES(436, 290, '46214', '0', '0.000', '0.34', '13', '284', 'MM', 1358562060, NULL);
INSERT INTO `buoydata` VALUES(437, 291, '46026', '10', '0.894', '0.27', '14', '0', 'MM', 1358563800, NULL);
INSERT INTO `buoydata` VALUES(438, 291, '46214', '0', '0.000', '0.34', '13', '284', 'MM', 1358562060, NULL);
INSERT INTO `buoydata` VALUES(439, 291, '46237', '0', '0.000', '0.24', '13', '270', 'MM', 1358562060, NULL);
INSERT INTO `buoydata` VALUES(440, 292, '46214', '0', '0.000', '0.34', '14', '271', 'MM', 1358542260, NULL);
INSERT INTO `buoydata` VALUES(441, 293, '46214', '0', '0.000', '1.2', '25', '290', 'MM', 1358571060, NULL);
INSERT INTO `buoydata` VALUES(442, 298, '46214', 'MM', 'MM', '2.8', '22', '288', 'MM', 1358626860, NULL);
INSERT INTO `buoydata` VALUES(443, 300, '46026', '80', '5.0', '2.4', '21', 'MM', 'MM', 1358650200, '10.6');
INSERT INTO `buoydata` VALUES(444, 300, '46214', 'MM', 'MM', '2.6', '20', '290', 'MM', 1358650260, '11.0');
INSERT INTO `buoydata` VALUES(445, 300, '46237', 'MM', 'MM', '2.7', '22', '266', 'MM', 1358650260, '10.6');
INSERT INTO `buoydata` VALUES(446, 301, '46026', '80', '6.0', '2.5', '21', 'MM', 'MM', 1358653800, '10.6');
INSERT INTO `buoydata` VALUES(447, 301, '46214', 'MM', 'MM', '2.8', '20', '294', 'MM', 1358653860, '11.0');
INSERT INTO `buoydata` VALUES(448, 301, '46237', 'MM', 'MM', '2.7', '20', '264', 'MM', 1358653860, '10.6');
INSERT INTO `buoydata` VALUES(449, 302, '46026', '90', '6.0', '2.0', '21', 'MM', 'MM', 1358657400, '10.6');
INSERT INTO `buoydata` VALUES(450, 302, '46214', 'MM', 'MM', '2.7', '20', '285', 'MM', 1358657460, '11.0');
INSERT INTO `buoydata` VALUES(451, 302, '46237', 'MM', 'MM', '2.5', '22', '273', 'MM', 1358657460, '10.5');
INSERT INTO `buoydata` VALUES(452, 303, '46026', '80', '6.0', '2.5', '21', 'MM', 'MM', 1358653800, '10.6');
INSERT INTO `buoydata` VALUES(453, 303, '46214', 'MM', 'MM', '2.8', '20', '294', 'MM', 1358653860, '11.0');
INSERT INTO `buoydata` VALUES(454, 303, '46237', 'MM', 'MM', '2.7', '20', '264', 'MM', 1358653860, '10.6');
INSERT INTO `buoydata` VALUES(455, 304, '46214', 'MM', 'MM', '3.4', '20', '294', 'MM', 1358662860, '11.0');
INSERT INTO `buoydata` VALUES(456, 306, '46214', 'MM', 'MM', '3.4', '20', '294', 'MM', 1358662860, '11.0');
INSERT INTO `buoydata` VALUES(457, 307, '46214', 'MM', 'MM', '3.4', '20', '294', 'MM', 1358662860, '11.0');
INSERT INTO `buoydata` VALUES(458, 308, '46214', 'MM', 'MM', '3.4', '20', '294', 'MM', 1358662860, '11.0');
INSERT INTO `buoydata` VALUES(459, 309, '46214', 'MM', 'MM', '3.4', '20', '294', 'MM', 1358662860, '11.0');
INSERT INTO `buoydata` VALUES(460, 310, '46214', 'MM', 'MM', '3.4', '20', '294', 'MM', 1358662860, '11.0');
INSERT INTO `buoydata` VALUES(461, 311, '46214', 'MM', 'MM', '3.4', '20', '294', 'MM', 1358662860, '11.0');
INSERT INTO `buoydata` VALUES(462, 312, '46214', 'MM', 'MM', '2.5', '20', '291', 'MM', 1358664660, '11.0');
INSERT INTO `buoydata` VALUES(463, 314, '46214', 'MM', 'MM', '2.3', '18', '295', 'MM', 1358742060, '11.3');
INSERT INTO `buoydata` VALUES(464, 315, '46214', 'MM', 'MM', '2.3', '18', '295', 'MM', 1358742060, '11.3');
INSERT INTO `buoydata` VALUES(465, 316, '46214', 'MM', 'MM', '2.1', '18', '295', 'MM', 1358724060, '11.4');
INSERT INTO `buoydata` VALUES(466, 317, '46012', '170', '4.0', '3.3', '15', '294', 'MM', 1360684200, '10.9');
INSERT INTO `buoydata` VALUES(467, 317, '46026', '140', '5.0', '2.9', '16', 'MM', 'MM', 1360684200, '10.5');
INSERT INTO `buoydata` VALUES(468, 317, '46237', 'MM', 'MM', '2.5', '17', '269', 'MM', 1360684260, '10.6');

-- --------------------------------------------------------

--
-- Table structure for table `buoy_location`
--

CREATE TABLE `buoy_location` (
  `buoyid` varchar(50) NOT NULL,
  `locationid` int(11) NOT NULL,
  `created` timestamp NOT NULL DEFAULT CURRENT_TIMESTAMP,
  PRIMARY KEY (`buoyid`,`locationid`)
) ENGINE=InnoDB DEFAULT CHARSET=utf8;

--
-- Dumping data for table `buoy_location`
--

INSERT INTO `buoy_location` VALUES('46012', 5, '2013-01-18 13:54:24');
INSERT INTO `buoy_location` VALUES('46012', 10, '2013-01-18 13:54:24');
INSERT INTO `buoy_location` VALUES('46012', 12, '2013-01-18 13:54:24');
INSERT INTO `buoy_location` VALUES('46012', 18, '2013-01-18 13:54:24');
INSERT INTO `buoy_location` VALUES('46012', 20, '2013-01-18 13:54:24');
INSERT INTO `buoy_location` VALUES('46012', 21, '2013-01-18 13:54:24');
INSERT INTO `buoy_location` VALUES('46012', 22, '2013-01-18 13:54:24');
INSERT INTO `buoy_location` VALUES('46012', 24, '2013-01-18 13:54:24');
INSERT INTO `buoy_location` VALUES('46012', 26, '2013-01-18 13:54:24');
INSERT INTO `buoy_location` VALUES('46026', 1, '2013-01-26 13:26:33');
INSERT INTO `buoy_location` VALUES('46026', 2, '2013-01-18 13:54:24');
INSERT INTO `buoy_location` VALUES('46026', 4, '2013-01-18 13:54:24');
INSERT INTO `buoy_location` VALUES('46026', 5, '2013-01-18 13:54:24');
INSERT INTO `buoy_location` VALUES('46026', 10, '2013-01-18 13:54:24');
INSERT INTO `buoy_location` VALUES('46026', 15, '2013-01-18 13:54:24');
INSERT INTO `buoy_location` VALUES('46026', 17, '2013-01-18 13:54:24');
INSERT INTO `buoy_location` VALUES('46026', 20, '2013-01-18 13:54:24');
INSERT INTO `buoy_location` VALUES('46026', 24, '2013-01-18 13:54:24');
INSERT INTO `buoy_location` VALUES('46026', 26, '2013-01-18 13:54:24');
INSERT INTO `buoy_location` VALUES('46047', 13, '2013-01-18 13:54:24');
INSERT INTO `buoy_location` VALUES('46047', 14, '2013-01-18 13:54:24');
INSERT INTO `buoy_location` VALUES('46047', 15, '2013-01-18 13:54:24');
INSERT INTO `buoy_location` VALUES('46047', 16, '2013-01-18 13:54:24');
INSERT INTO `buoy_location` VALUES('46047', 18, '2013-01-18 13:54:24');
INSERT INTO `buoy_location` VALUES('46047', 19, '2013-01-18 13:54:24');
INSERT INTO `buoy_location` VALUES('46047', 21, '2013-01-18 13:54:24');
INSERT INTO `buoy_location` VALUES('46047', 23, '2013-01-18 13:54:24');
INSERT INTO `buoy_location` VALUES('46059', 1, '2013-01-27 10:32:27');
INSERT INTO `buoy_location` VALUES('46059', 18, '2013-01-18 13:54:24');
INSERT INTO `buoy_location` VALUES('46059', 21, '2013-01-18 13:54:24');
INSERT INTO `buoy_location` VALUES('46086', 13, '2013-01-18 13:54:24');
INSERT INTO `buoy_location` VALUES('46086', 14, '2013-01-18 13:54:24');
INSERT INTO `buoy_location` VALUES('46086', 15, '2013-01-18 13:54:24');
INSERT INTO `buoy_location` VALUES('46086', 16, '2013-01-18 13:54:24');
INSERT INTO `buoy_location` VALUES('46086', 26, '2013-01-18 13:54:24');
INSERT INTO `buoy_location` VALUES('46087', 14, '2013-01-18 13:54:24');
INSERT INTO `buoy_location` VALUES('46087', 19, '2013-01-18 13:54:24');
INSERT INTO `buoy_location` VALUES('46087', 22, '2013-01-18 13:54:24');
INSERT INTO `buoy_location` VALUES('46214', 1, '2013-01-18 13:54:24');
INSERT INTO `buoy_location` VALUES('46214', 2, '2013-01-18 13:54:24');
INSERT INTO `buoy_location` VALUES('46214', 4, '2013-01-18 13:54:24');
INSERT INTO `buoy_location` VALUES('46214', 12, '2013-01-18 13:54:24');
INSERT INTO `buoy_location` VALUES('46214', 16, '2013-01-18 13:54:24');
INSERT INTO `buoy_location` VALUES('46214', 17, '2013-01-18 13:54:24');
INSERT INTO `buoy_location` VALUES('46214', 23, '2013-01-18 13:54:24');
INSERT INTO `buoy_location` VALUES('46214', 28, '2013-01-18 13:54:24');
INSERT INTO `buoy_location` VALUES('46237', 1, '2013-01-27 14:21:15');
INSERT INTO `buoy_location` VALUES('46237', 2, '2013-01-18 13:54:24');
INSERT INTO `buoy_location` VALUES('46237', 10, '2013-01-18 13:54:24');
INSERT INTO `buoy_location` VALUES('46237', 12, '2013-01-18 13:54:24');
INSERT INTO `buoy_location` VALUES('46237', 17, '2013-01-18 13:54:24');
INSERT INTO `buoy_location` VALUES('46237', 20, '2013-01-18 13:54:24');
INSERT INTO `buoy_location` VALUES('46237', 22, '2013-01-18 13:54:24');
INSERT INTO `buoy_location` VALUES('46237', 23, '2013-01-18 13:54:24');
INSERT INTO `buoy_location` VALUES('46237', 27, '2013-01-18 13:54:24');
INSERT INTO `buoy_location` VALUES('51101', 25, '2013-01-18 13:54:24');
INSERT INTO `buoy_location` VALUES('51101', 28, '2013-01-18 13:54:24');
INSERT INTO `buoy_location` VALUES('51201', 25, '2013-01-18 13:54:24');
INSERT INTO `buoy_location` VALUES('51205', 4, '2013-01-18 13:54:24');
INSERT INTO `buoy_location` VALUES('51205', 5, '2013-01-18 13:54:24');
INSERT INTO `buoy_location` VALUES('51205', 9, '2013-01-18 13:54:24');
INSERT INTO `buoy_location` VALUES('51205', 11, '2013-01-18 13:54:24');
INSERT INTO `buoy_location` VALUES('51205', 13, '2013-01-18 13:54:24');
INSERT INTO `buoy_location` VALUES('51205', 19, '2013-01-18 13:54:24');
INSERT INTO `buoy_location` VALUES('51205', 24, '2013-01-18 13:54:24');
INSERT INTO `buoy_location` VALUES('51205', 25, '2013-01-18 13:54:24');
INSERT INTO `buoy_location` VALUES('51205', 28, '2013-01-18 13:54:24');

-- --------------------------------------------------------

--
-- Table structure for table `crew`
--

CREATE TABLE `crew` (
  `id` int(11) NOT NULL AUTO_INCREMENT,
  `name` varchar(255) DEFAULT NULL,
  `createdate` timestamp NULL DEFAULT CURRENT_TIMESTAMP,
  `description` varchar(255) DEFAULT NULL,
  `creator` int(11) DEFAULT NULL,
  PRIMARY KEY (`id`)
) ENGINE=InnoDB DEFAULT CHARSET=latin1 AUTO_INCREMENT=1 ;

--
-- Dumping data for table `crew`
--


-- --------------------------------------------------------

--
-- Table structure for table `location`
--

CREATE TABLE `location` (
  `id` smallint(6) NOT NULL AUTO_INCREMENT,
  `locname` varchar(255) DEFAULT NULL,
  `timezone` varchar(255) DEFAULT NULL,
  `buoy1` varchar(255) DEFAULT NULL,
  `buoy3` varchar(255) DEFAULT NULL,
  `tidestation` int(11) DEFAULT NULL,
  `buoy2` varchar(255) DEFAULT NULL,
  `creator` mediumint(9) DEFAULT NULL,
  PRIMARY KEY (`id`),
  UNIQUE KEY `locname` (`locname`)
) ENGINE=InnoDB  DEFAULT CHARSET=utf8 AUTO_INCREMENT=29 ;

--
-- Dumping data for table `location`
--

INSERT INTO `location` VALUES(1, 'Ocean Beach, SF', 'America/Los_Angeles', '46214', NULL, 9414290, NULL, 1);
INSERT INTO `location` VALUES(2, 'Fort Point', 'America/Los_Angeles', '46026', '46214', 9414290, '46237', 1);
INSERT INTO `location` VALUES(4, 'New York city', 'America/New_York', '46026', '51205', 9410170, '46214', 3);
INSERT INTO `location` VALUES(5, 'Baldwin Beach', 'Pacific/Honolulu', '51205', '46012', 1615680, '46026', 2);
INSERT INTO `location` VALUES(9, 'ho''okipa', 'Pacific/Honolulu', '51205', NULL, 1615680, NULL, 1);
INSERT INTO `location` VALUES(10, 'Mavericks', 'America/Los_Angeles', '46012', '46026', 9414290, '46237', 1);
INSERT INTO `location` VALUES(11, 'Honolua Bay', 'Pacific/Honolulu', '51205', NULL, 1615680, NULL, 1);
INSERT INTO `location` VALUES(12, 'Miami', 'America/New_York', '46237', '46012', 9410170, '46214', 9);
INSERT INTO `location` VALUES(13, 'elijo park', 'America/Los_Angeles', '46086', '51205', 9414290, '46047', 4);
INSERT INTO `location` VALUES(14, 'blacks', 'America/Los_Angeles', '46086', '46047', 1615680, '46087', 4);
INSERT INTO `location` VALUES(15, 'Ocean City MD', 'America/New_York', '46086', '46047', 9414290, '46026', 14);
INSERT INTO `location` VALUES(16, 'tofino', 'America/Los_Angeles', '46086', '46047', 9414290, '46214', 15);
INSERT INTO `location` VALUES(17, 'Fort Cronkite ', 'America/Los_Angeles', '46026', '46214', 1615680, '46237', 1);
INSERT INTO `location` VALUES(18, 'West end', 'America/New_York', '46012', '46059', 9410230, '46047', 17);
INSERT INTO `location` VALUES(19, 'Refugio beach', 'America/Los_Angeles', '51205', '46087', 9414290, '46047', 18);
INSERT INTO `location` VALUES(20, 'montara', 'America/Los_Angeles', '46012', '46237', 9410230, '46026', 4);
INSERT INTO `location` VALUES(21, '54th st newport beach, ca', 'America/Los_Angeles', '46012', '46047', 9414290, '46059', 20);
INSERT INTO `location` VALUES(22, 'linda mar', 'America/Los_Angeles', '46237', '46087', 9414290, '46012', 4);
INSERT INTO `location` VALUES(23, 'mango', 'America/Mexico_City', '46214', '46237', 1615680, '46047', 4);
INSERT INTO `location` VALUES(24, 'Launiupoko', 'America/Los_Angeles', '46012', '46026', 9410170, '51205', 1);
INSERT INTO `location` VALUES(25, 'Peahi/Jaws', 'Pacific/Honolulu', '51205', '51201', 9410170, '51101', 1);
INSERT INTO `location` VALUES(26, 'rockaway', 'America/Los_Angeles', '46026', '46086', 9410230, '46012', 4);
INSERT INTO `location` VALUES(27, 'SF Ocean Beach', 'America/Los_Angeles', '46237', NULL, 9414290, NULL, 26);
INSERT INTO `location` VALUES(28, 'Honomanu', 'Pacific/Honolulu', '51205', '46214', 9410230, '51101', 1);

-- --------------------------------------------------------

--
-- Table structure for table `locationforecast`
--

CREATE TABLE `locationforecast` (
  `locationid` int(11) NOT NULL,
  `forecasturl` varchar(255) NOT NULL,
  PRIMARY KEY (`locationid`,`forecasturl`)
) ENGINE=InnoDB DEFAULT CHARSET=utf8;

--
-- Dumping data for table `locationforecast`
--

INSERT INTO `locationforecast` VALUES(1, 'http://stokereport.com/surf-reports/san-francisco-ocean-beach');
INSERT INTO `locationforecast` VALUES(1, 'http://stormsurf.com/locals/ncal.shtml');
INSERT INTO `locationforecast` VALUES(1, 'http://www.surfline.com/surf-report/ocean-beach-central-california_4127/');
INSERT INTO `locationforecast` VALUES(1, 'http://www.surfpulse.com/tides/');
INSERT INTO `locationforecast` VALUES(10, 'http://mavsurfer.com/live_cam/');
INSERT INTO `locationforecast` VALUES(10, 'http://www.surfline.com/surf-report/mavericks-central-california_4152/');
INSERT INTO `locationforecast` VALUES(23, 'http://32320');

-- --------------------------------------------------------

--
-- Table structure for table `locationsublocation`
--

CREATE TABLE `locationsublocation` (
  `locationid` int(11) NOT NULL,
  `sublocationid` int(11) NOT NULL,
  PRIMARY KEY (`locationid`,`sublocationid`)
) ENGINE=InnoDB DEFAULT CHARSET=utf8 COLLATE=utf8_unicode_ci;

--
-- Dumping data for table `locationsublocation`
--

INSERT INTO `locationsublocation` VALUES(1, 1);
INSERT INTO `locationsublocation` VALUES(1, 2);
INSERT INTO `locationsublocation` VALUES(1, 3);
INSERT INTO `locationsublocation` VALUES(1, 4);
INSERT INTO `locationsublocation` VALUES(1, 5);
INSERT INTO `locationsublocation` VALUES(1, 6);
INSERT INTO `locationsublocation` VALUES(1, 7);
INSERT INTO `locationsublocation` VALUES(1, 8);
INSERT INTO `locationsublocation` VALUES(1, 9);

-- --------------------------------------------------------

--
-- Table structure for table `report`
--

CREATE TABLE `report` (
  `id` int(11) NOT NULL AUTO_INCREMENT,
  `text` varchar(255) DEFAULT NULL,
  `locationid` int(11) DEFAULT NULL,
  `reporterid` int(11) DEFAULT NULL,
  `quality` tinyint(4) DEFAULT NULL,
  `imagepath` varchar(255) DEFAULT NULL,
  `obsdate` int(11) DEFAULT NULL,
  `reportdate` int(11) NOT NULL,
  `public` tinyint(1) DEFAULT '1',
  `waveheight` float DEFAULT NULL,
  `sublocationid` int(11) DEFAULT NULL,
  PRIMARY KEY (`id`)
) ENGINE=InnoDB  DEFAULT CHARSET=utf8 AUTO_INCREMENT=330 ;

--
-- Dumping data for table `report`
--

INSERT INTO `report` VALUES(1, 'overhead and glassy. surfed vfw''s', 1, 1, 4, 'http://i.imgur.com/wwZHb.jpg', 1326744004, 1326744004, 1, NULL, NULL);
INSERT INTO `report` VALUES(2, NULL, 2, 1, 2, NULL, 1326904337, 1326904337, 1, NULL, NULL);
INSERT INTO `report` VALUES(3, 'Blown out', 1, 1, 1, 'http://i.imgur.com/LRb0v.jpg', 1327185411, 1327185411, 1, NULL, NULL);
INSERT INTO `report` VALUES(4, 'Baldwin Beach has some nice boogie boarding barrels!', 5, 2, NULL, NULL, 1320546965, 1320546965, 1, NULL, NULL);
INSERT INTO `report` VALUES(5, 'offshore, head high, barreling on inside, strong current pushing south', 1, 1, 2, NULL, 1321891196, 1321905596, 1, NULL, NULL);
INSERT INTO `report` VALUES(9, NULL, 1, 1, 2, NULL, 1327301385, 1327301385, 1, NULL, NULL);
INSERT INTO `report` VALUES(10, 'breaking, 15 footers, movie star getting worked', 10, 1, 4, '2012/01/1.23.1.59.03.png', 1324237805, 1324367405, 1, NULL, NULL);
INSERT INTO `report` VALUES(11, '[url]http://www.surfermag.com/videos/dispatch-to-maui/[/url] 4-6 super crowded. ', 11, 1, 5, '2012/01/1.25.3.45.09.png', 1325706297, 1325709897, 1, NULL, NULL);
INSERT INTO `report` VALUES(12, 'Warbly and not connecting to the inside', 1, 1, 2, 'http://i.imgur.com/IXxmQ.jpg', 1327514186, 1327514186, 1, NULL, NULL);
INSERT INTO `report` VALUES(13, 'noriega thumping on the inner bar', 1, 1, 5, NULL, 1327782133, 1327803733, 1, NULL, NULL);
INSERT INTO `report` VALUES(14, 'small on the northern end', 1, 1, 2, '2012/01/1.28.21.25.08.png', 1327800166, 1327803766, 1, NULL, NULL);
INSERT INTO `report` VALUES(15, 'small barrels on the very inside at judah', 1, 1, 3, '2012/01/1.29.23.19.42.png', 1327889982, 1327897182, 1, NULL, NULL);
INSERT INTO `report` VALUES(16, 'outer bar 1.5X overhead. Lawton was inconsistent.. too low tide', 1, 1, 4, '2012/02/1.02.16.01.00.png', 1328209260, 1328216460, 1, NULL, NULL);
INSERT INTO `report` VALUES(17, 'solid 2X+ just south of judah. Apparently Mavs was pretty fun but really crowded. Outer-outer bar was breaking. got lickens. photo by jrhussey. ', 1, 1, 5, '2012/02/1.10.17.28.24.png', 1328386264, 1328389864, 1, NULL, NULL);
INSERT INTO `report` VALUES(18, 'wasnt out. heard it was breaking and really crowded earlier', 10, 1, 3, '2012/02/1.04.19.59.42.png', 1328389182, 1328403582, 1, NULL, NULL);
INSERT INTO `report` VALUES(19, 'little smaller than yesterday. barrels on the very inside. outr bar was fun but shoulders died out quick. righteous photo zach', 1, 1, 4, '2012/02/1.05.23.58.14.png', 1328471144, 1328478344, 1, NULL, NULL);
INSERT INTO `report` VALUES(20, 'Breaking in middle then reforming on inside. ', 1, 1, 2, 'http://i.imgur.com/jhbHJ.jpg', 1328550645, 1328550645, 1, NULL, NULL);
INSERT INTO `report` VALUES(21, '2-3x overhead occ 18ft', 10, 1, 4, '2012/02/1.08.11.02.20.png', 1328716940, 1328716940, 1, 17.5, NULL);
INSERT INTO `report` VALUES(22, '[url]http://www.surfline.com/surf-news/mavericks-swell-photos_66889[/url]. 40'' faces. bigger than morning and offshore. very crowded. filming a movie. tide was better though. ', 10, 1, 4, '2012/02/1.10.17.27.07.png', 1328738000, 1328752400, 1, NULL, NULL);
INSERT INTO `report` VALUES(23, 'Fun mini-mavs. Got plenty waves with only one other guy out.', 10, 1, 5, 'http://i.imgur.com/rG6ac.jpg', 1328804182, 1328811382, 1, NULL, NULL);
INSERT INTO `report` VALUES(24, '[url=http://www.youtube.com/watch?v=FGums3C3Dpw&feature=youtu.be]video[/url]   8-10''. some slightly bigger sets than yesterday morning.', 10, 1, 5, NULL, 1328892769, 1328907169, 1, NULL, NULL);
INSERT INTO `report` VALUES(27, 'doubling up on inside. fun on outer bar as tide dropped', 1, 1, 3, NULL, 1329769574, 1329837974, 1, NULL, NULL);
INSERT INTO `report` VALUES(29, NULL, 0, 0, NULL, NULL, 0, 0, 0, NULL, NULL);
INSERT INTO `report` VALUES(30, NULL, 0, 0, NULL, NULL, 0, 0, 0, NULL, NULL);
INSERT INTO `report` VALUES(31, 'offshore kindof dumpy. really crowded', 1, 1, 4, NULL, 1330801645, 1330823245, 1, NULL, NULL);
INSERT INTO `report` VALUES(32, 'sideshory but better shape then morning. wedgy and barreling. got an in and out. whooooop!', 1, 1, 5, NULL, 1330812567, 1330823367, 1, NULL, NULL);
INSERT INTO `report` VALUES(33, 'private reports only please!', 3, 1, 3, NULL, 1330823879, 1330823879, 1, NULL, NULL);
INSERT INTO `report` VALUES(34, 'I love NY...never surfed there though', 4, 1, 3, NULL, 1330823954, 1330823954, 1, NULL, NULL);
INSERT INTO `report` VALUES(35, 'too big for inner bar, too short period for outer bar. breaking super far out but too messy to line up.', 1, 1, 1, NULL, 1330906100, 1330992500, 1, NULL, NULL);
INSERT INTO `report` VALUES(36, 'clean, but too low tide for inner bar. not big enough for outer bar. crowded', 1, 1, 3, NULL, 1330880944, 1330992544, 1, NULL, NULL);
INSERT INTO `report` VALUES(37, 'small and punchy. glassy. surfed judah', 1, 1, 3, '2012/03/1.08.20.43.06.png', 1331224986, 1331257386, 1, NULL, NULL);
INSERT INTO `report` VALUES(38, 'small, punchy, glassy. lincoln', 1, 1, 3, NULL, 1331313362, 1331406962, 1, NULL, NULL);
INSERT INTO `report` VALUES(39, 'double overhead, inconsistent and heavy, also choppy', 1, 1, 3, NULL, 1331409408, 1331535408, 1, NULL, NULL);
INSERT INTO `report` VALUES(40, 'punchy and bowly, a little too choppy though', 1, 1, 3, NULL, 1331503051, 1331535451, 1, NULL, NULL);
INSERT INTO `report` VALUES(41, 'head high non-stop dredgers making for a brutal paddle out but some fun barrels.', 1, 1, 4, NULL, 1332173347, 1332191347, 1, 2.5, NULL);
INSERT INTO `report` VALUES(42, 'Judah- perfect 5ft barrels', 1, 1, 5, NULL, 1332260618, 1332303818, 1, 2.5, NULL);
INSERT INTO `report` VALUES(43, 'Pacheco--hh+inner bar  fun, pnchy ', 1, 4, 4, NULL, 1332304604, 1332304604, 1, NULL, NULL);
INSERT INTO `report` VALUES(44, NULL, 0, 0, NULL, NULL, 0, 0, 0, NULL, NULL);
INSERT INTO `report` VALUES(45, 'Mixed swell, brutal paddle tho nice out the back. One and done. Many denials for lunchtime attempts', 1, 4, 3, NULL, 1332362772, 1332362772, 1, NULL, NULL);
INSERT INTO `report` VALUES(46, NULL, 0, 0, NULL, NULL, 0, 0, 0, NULL, NULL);
INSERT INTO `report` VALUES(47, 'mushbergers on the outer bar. ', 1, 1, 2, NULL, 1332699439, 1332865039, 1, 2.5, NULL);
INSERT INTO `report` VALUES(48, 'mushy but glassy and carveable, fun so cal surf. ', 13, 4, 4, NULL, 1333133352, 1333133352, 1, 2.5, NULL);
INSERT INTO `report` VALUES(49, 'glassy, soft but fun, occ hh+, surfed with amil', 13, 4, 4, NULL, 1333209211, 1333212811, 1, 2.5, NULL);
INSERT INTO `report` VALUES(50, 'nobody out. too unruly. huge', 10, 1, 1, '2012/04/1.02.19.19.34.png', 1333304510, 1333336910, 1, 25, NULL);
INSERT INTO `report` VALUES(51, 'Warbly, thick wedges, offshore wind. Board a little small but got a few nice ones', 14, 4, 4, NULL, 1333380996, 1333384596, 1, 5, NULL);
INSERT INTO `report` VALUES(52, 'Still solid 1.5 oh sets, cleaner tho still a warble. Smacked my cheek but overall fun', 14, 4, 4, NULL, 1333465996, 1333473196, 1, 5, NULL);
INSERT INTO `report` VALUES(53, 'Lincoln. Very small but calm and offshore', 1, 1, 3, NULL, 1333819368, 1333855368, 1, 1.5, 2);
INSERT INTO `report` VALUES(54, 'most were breaking too wide and mushy. some rare fun ones ran along the reef', 2, 1, 3, NULL, 1334434195, 1334527795, 1, 2.5, NULL);
INSERT INTO `report` VALUES(56, 'Sloppy, wedgy', 1, 1, 3, NULL, 1335024725, 1335107525, 1, 1.5, 1);
INSERT INTO `report` VALUES(57, 'Kinda weak at first. Little Barrels towards the end.', 1, 1, 4, NULL, 1335369839, 1335413039, 1, 1.5, 5);
INSERT INTO `report` VALUES(58, 'choppy punchy bowls ', 1, 1, 4, '2012/05/1.20.1.40.45.png', 1337478045, 1337492445, 1, 1.5, 9);
INSERT INTO `report` VALUES(59, 'choppy, crap. smaller and windier than last night', 1, 1, 1, '2012/05/1.21.0.20.57.png', 1337566857, 1337574057, 1, 1.5, 9);
INSERT INTO `report` VALUES(60, 'Wedgy', 17, 1, 2, NULL, 1337874676, 1337878276, 1, 1.5, NULL);
INSERT INTO `report` VALUES(61, NULL, 1, 1, 2, NULL, 1338085367, 1338092567, 1, 1.5, 9);
INSERT INTO `report` VALUES(62, 'got out there at the low to high transition ... wish I moved earlier ... disorganized, but some fun rides ... nice to see the windmill running', 1, 16, 3, NULL, 1338143936, 1338143936, 1, NULL, 3);
INSERT INTO `report` VALUES(63, 'wedgy, dredgy, lots of close out barrels, few stayed open', 1, 4, 3, NULL, 1338132468, 1338150468, 1, 1.5, 3);
INSERT INTO `report` VALUES(64, 'more than pretty fun, really, because it''s gorgeous out ... mild winds, mild waves ... some clean breaks giving long runs left and right', 1, 16, 4, NULL, 1338231670, 1338231670, 1, NULL, 3);
INSERT INTO `report` VALUES(65, 'occ fun south lines, light winds although like all souths at OB it was hard to line up and sectiony with a strong north current. Occ everything  came together for a decent ride. hit a crab buoy (? something underwater) doing a cutback on my last wave, din', 1, 4, 3, NULL, 1338822593, 1338829793, 1, 1.5, 5);
INSERT INTO `report` VALUES(66, 'lumpy, bumpy, nw onshore, mixed up--still some south in the water and few surprisingly long fun rides amidst lots of crappola', 1, 4, 3, NULL, 1338906478, 1338920878, 1, 1.5, 5);
INSERT INTO `report` VALUES(67, NULL, 0, 0, NULL, NULL, 0, 0, 0, NULL, NULL);
INSERT INTO `report` VALUES(68, 'Sloppy', 1, 1, 2, NULL, 1338994787, 1339001987, 1, 2.5, 2);
INSERT INTO `report` VALUES(69, 'slop', 1, 1, 3, '2012/06/1.09.13.46.07.png', 1339253167, 1339263967, 1, 2.5, 2);
INSERT INTO `report` VALUES(70, 'little tubes. breaking on the inside. better than last 2 days', 1, 1, 3, NULL, 1339428703, 1339482703, 1, 1.5, 3);
INSERT INTO `report` VALUES(71, 'sloppy. breaking far out', 1, 1, 2, NULL, 1339342675, 1339483075, 1, 2.5, 3);
INSERT INTO `report` VALUES(72, 'small and sloppy', 1, 1, 2, NULL, 1339512373, 1339533973, 1, 1.5, 3);
INSERT INTO `report` VALUES(73, 'No wind, fun wedges, cullie and collette ', 1, 1, 4, NULL, 1339878403, 1339946803, 1, 2.5, 8);
INSERT INTO `report` VALUES(74, 'warbly HH+ spring/summer slop, second bar which made lining up even harder. still occ good one', 1, 4, 3, NULL, 1340200667, 1340218667, 1, 2.5, 5);
INSERT INTO `report` VALUES(75, NULL, 0, 0, NULL, NULL, 0, 0, 0, NULL, NULL);
INSERT INTO `report` VALUES(76, 'shifty sectiony small south but occ little zipper lining up for a fun one', 1, 4, 3, NULL, 1340413094, 1340427494, 1, 1.5, 5);
INSERT INTO `report` VALUES(77, 'Southerly peaks hitting decent middle bars. Shorebreak Barrels', 1, 1, 3, 'http://i.imgur.com/Jrsln.jpg', 1340471594, 1340503994, 1, 1.5, 3);
INSERT INTO `report` VALUES(78, 'waist high south, occ bigger, low tide, good sandbar, no wind, no crowd in the early am: lefts and rights lining up, fun!', 1, 4, 4, NULL, 1340543928, 1340554728, 1, 1.5, 5);
INSERT INTO `report` VALUES(79, NULL, 0, 0, NULL, NULL, 0, 0, 0, NULL, NULL);
INSERT INTO `report` VALUES(80, 'waist occ bigger, south with possible mixed windswell, sunny although a little more textured and sectiony than yesterday. Still some fun for summer OB ', 1, 4, 3, NULL, 1340641871, 1340659871, 1, 1.5, 5);
INSERT INTO `report` VALUES(81, 'Wedge, nice bar on inside', 1, 1, 3, 'http://i.imgur.com/3tqQ2.jpg', 1340638836, 1340689236, 1, 1.5, 5);
INSERT INTO `report` VALUES(82, 'is it really June??? glassy, sunny, similar size waist occ chest with some fun lumps, perhaps more weaker nw windswelly stuff mixed with the fading south but the occ double ups kept it interesting', 1, 4, 4, NULL, 1340725772, 1340732972, 1, 1.5, 5);
INSERT INTO `report` VALUES(83, 'Kinda weak but some fun little racers along the inner bar.', 1, 1, 4, 'http://i.imgur.com/lprI2.jpg', 1340726698, 1340733898, 1, 1.5, 5);
INSERT INTO `report` VALUES(84, 'warbly with backwash tho no wind, occasional sectiony walls to the inside, lots of mushy disappearing shoulders', 20, 4, 3, NULL, 1341689106, 1341710706, 1, 2.5, NULL);
INSERT INTO `report` VALUES(85, 'onshore windswell but occasional chest hi south pulses would zip thru to the inside. ', 1, 4, 3, NULL, 1341764528, 1341771728, 1, 2.5, NULL);
INSERT INTO `report` VALUES(86, 'some fun sections, pretty messy though. summer has gotten foggy', 1, 1, 3, '2012/07/.08.15.38.29.png', 1341765453, 1341776253, 1, 1.5, 5);
INSERT INTO `report` VALUES(87, 'waist high, wind light south and amazingly after drizzly rain ended started getting sunny, occ fun zippy rides, nice after long stretch of steady grey onshore fog wind. ', 1, 4, 3, NULL, 1342537787, 1342566587, 1, 1.5, 5);
INSERT INTO `report` VALUES(88, 'Wedges, sunny, clear water. ', 1, 1, 4, NULL, 1342562415, 1342713615, 1, 1.5, NULL);
INSERT INTO `report` VALUES(89, 'side onshore, ok just because size and tide right between the lindy 400 yard close-out (low tide) and lindy mush-burger to reform close out (high tide) ---so got some sectiony walls', 22, 4, 3, NULL, 1342980446, 1343005646, 1, 2.5, NULL);
INSERT INTO `report` VALUES(90, 'for about 1/2 hr the windswell and wind cooperated to make for a few long chest to head high rides, then increasing wind, chop, warble and bad tide shut down the fun', 1, 4, 3, NULL, 1343143487, 1343179487, 1, 2.5, 6);
INSERT INTO `report` VALUES(91, 'Punchy slop', 1, 1, 3, NULL, 1343271237, 1343274837, 1, 1.5, 9);
INSERT INTO `report` VALUES(92, 'Races, small, righta', 1, 1, 3, NULL, 1343496239, 1343514239, 1, 1.5, 9);
INSERT INTO `report` VALUES(93, NULL, 0, 0, NULL, NULL, 0, 0, 0, NULL, NULL);
INSERT INTO `report` VALUES(94, 'Pretty weak, but nice shape', 1, 1, 3, NULL, 1346166152, 1346202152, 1, 1.5, 5);
INSERT INTO `report` VALUES(95, 'Fun wedgy lefts and bowly rights into the sand. Good southerly direction, higher tide. Change date to sept 3 at 11am', 20, 1, 4, NULL, 1346858601, 1347031401, 1, 1.5, NULL);
INSERT INTO `report` VALUES(96, 'Really small and weak', 1, 1, 2, NULL, 1347550878, 1347568878, 1, 1.5, 9);
INSERT INTO `report` VALUES(97, 'Sloppy but fun', 1, 1, 3, NULL, 1347460918, 1347568918, 1, 1.5, 2);
INSERT INTO `report` VALUES(99, 'Inconsistent, mushy, but some fun bowls', 1, 1, 3, NULL, 1347815845, 1347981445, 1, NULL, 1);
INSERT INTO `report` VALUES(101, 'messy, sets were too big', 1, 1, 3, '2012/09/.24.15.23.09.png', 1348503317, 1348514117, 1, 2.5, 1);
INSERT INTO `report` VALUES(102, 'doh in the middle, occ bigger, new hess mavs gun try-out, got 4-5 waves including long lefts, last wave poked, annihilated by the next set, leash broke, swam in. Nice sesh', 1, 4, 4, NULL, 1348518402, 1348529202, 1, 5, 6);
INSERT INTO `report` VALUES(103, 'I was not out although I heard reports. not sure of the size out there. will updata', 10, 1, 4, '2012/09/1.24.22.37.44.png', 1348522664, 1348540664, 1, 13.5, NULL);
INSERT INTO `report` VALUES(104, 'fun, glassy, slightly soft shoulder high but occ racy fun ones', 1, 4, 3, NULL, 1348761752, 1348794152, 1, 1.5, NULL);
INSERT INTO `report` VALUES(105, 'Little mushy and weak but some fun peaks!', 1, 1, 4, 'http://i.imgur.com/Hioe1.jpg', 1348762416, 1348809216, 1, 2.5, 5);
INSERT INTO `report` VALUES(106, 'Pretty mushy but some bowls. Nice size.', 1, 1, 4, 'http://i.imgur.com/isN89.jpg', 1348881746, 1348935746, 1, 2.5, 3);
INSERT INTO `report` VALUES(107, 'Week of sept 10-15 2012  chest to 1.5 oh (occ bigger) barrels...crowd ranged from heavy to none conditions from perfect to raggedy', 23, 4, 5, NULL, 1348942186, 1348942186, 1, 3.5, NULL);
INSERT INTO `report` VALUES(108, NULL, 1, 1, 4, 'http://i.imgur.com/DmMG5.jpg', 1348940461, 1348951261, 1, 2.5, 9);
INSERT INTO `report` VALUES(109, 'needed a bigger board for paddling purposes, waves funky, kind of soft, occasional good one, overhead', 1, 4, 3, NULL, 1348953059, 1349061059, 1, 5, 6);
INSERT INTO `report` VALUES(110, NULL, 0, 0, NULL, NULL, 0, 0, 0, NULL, NULL);
INSERT INTO `report` VALUES(111, 'still warbly, occ fun one, overhead, semi gun worked well', 1, 4, 4, NULL, 1349025134, 1349061134, 1, 3.5, 5);
INSERT INTO `report` VALUES(112, 'So effing inconsistent and north current was knar.', 1, 1, 2, NULL, 1349030079, 1349069679, 1, 3.5, 5);
INSERT INTO `report` VALUES(113, 'Outer bar was fun until swell shut down and then inside was super dumpy and criss crosst', 1, 1, 4, NULL, 1349055348, 1349069748, 1, 2.5, 1);
INSERT INTO `report` VALUES(114, 'Bowly lumpia', 1, 1, 4, NULL, 1349033832, 1349069832, 1, 2.5, 1);
INSERT INTO `report` VALUES(115, 'outgoing tide, still s-hh to occ oh, glassy, warm, fun', 1, 4, 4, NULL, 1349127249, 1349130849, 1, 2.5, 5);
INSERT INTO `report` VALUES(116, 'so inconsistent', 1, 1, 2, NULL, 1349106500, 1349131700, 1, 2.5, NULL);
INSERT INTO `report` VALUES(117, 'Criss crossy and very peaky. Not much juice. But perfect conditions', 1, 1, 3, NULL, 1349228442, 1349239242, 1, 1.5, 9);
INSERT INTO `report` VALUES(118, 'Mushy on outside and small and criss crossy on inside', 1, 1, 2, 'http://i.imgur.com/7Zgi2.jpg', 1349279126, 1349289926, 1, 1.5, 3);
INSERT INTO `report` VALUES(119, 'Really fast but some punchy sections. ', 1, 1, 4, NULL, 1349399189, 1349424389, 1, 1.5, 1);
INSERT INTO `report` VALUES(120, 'Fun, Bowly, some tubes on the inside', 1, 1, 4, 'http://i.imgur.com/HXM4G.jpg', 1349453552, 1349482352, 1, 1.5, 3);
INSERT INTO `report` VALUES(121, 'long lines although not quite lined up (??westerly swell), lots of guys out but lots of rides. ', 1, 4, 4, NULL, 1349628966, 1349632566, 1, 2.5, NULL);
INSERT INTO `report` VALUES(122, 'Kinda closey and burgery but fun', 1, 1, 4, NULL, 1349632395, 1349643195, 1, 2.5, 5);
INSERT INTO `report` VALUES(123, 'clean peaks', 1, 1, 4, NULL, 1349709773, 1349760173, 1, 1.5, 3);
INSERT INTO `report` VALUES(124, 'Small and dumpy quick racers but pretty clean before wind came up. ', 1, 1, 3, 'undefined', 1349805328, 1349888128, 1, 1.5, 9);
INSERT INTO `report` VALUES(125, 'Messy directionless poop', 1, 1, 2, NULL, 1349880998, 1349888198, 1, 2.5, 9);
INSERT INTO `report` VALUES(126, 'burgery, onshore, head hi with sltly oh occasionally, poor conditions overall but if you got a set that lined up the long period power would give the illusion of sweetness', 1, 4, 3, NULL, 1349886684, 1349897484, 1, 3.5, 6);
INSERT INTO `report` VALUES(127, NULL, 0, 0, NULL, NULL, 0, 0, 0, NULL, NULL);
INSERT INTO `report` VALUES(128, 'why the hell did I stay out for almost 2 hours? lumpy, burgery, still some west long period which mainly closed out. Out of all the waves caught I saw 2 open wave faces the entire session. However it is cleaning up so who knows', 1, 4, 2, NULL, 1350060816, 1350064416, 1, 2.5, 5);
INSERT INTO `report` VALUES(129, 'Walled, poo', 1, 1, 2, 'http://i.imgur.com/p6Zpc.jpg', 1350065443, 1350115843, 1, 2.5, 5);
INSERT INTO `report` VALUES(130, 'Really messy', 1, 1, 2, NULL, 1349972027, 1350116027, 1, NULL, 3);
INSERT INTO `report` VALUES(131, 'Really messy', 1, 1, 2, NULL, 1349972158, 1350116158, 1, NULL, 3);
INSERT INTO `report` VALUES(132, 'hh, occ oh, offshore, barrels (tho most closing), broken board for Joe. FALL IS HERE', 1, 4, 5, NULL, 1350145997, 1350163997, 1, 2.5, 6);
INSERT INTO `report` VALUES(133, 'Super good, very consistent though making for some epic paddle-outs', 1, 1, 5, '2012/10/.20.8.40.21.png', 1350144408, 1350317208, 1, 2.5, 5);
INSERT INTO `report` VALUES(134, 'Glassy but pretty soft', 1, 1, 3, NULL, 1350169658, 1350317258, 1, 2.5, 4);
INSERT INTO `report` VALUES(135, 'Pretty warbly and soft but some walls', 1, 1, 3, NULL, 1350227312, 1350317312, 1, 2.5, 5);
INSERT INTO `report` VALUES(136, 'formless poo', 1, 1, 1, NULL, 1350320122, 1350431722, 1, 2.5, 5);
INSERT INTO `report` VALUES(137, 'soooo bad. so bad. just...bad', 1, 1, 1, NULL, 1350395782, 1350431782, 1, 2.5, 2);
INSERT INTO `report` VALUES(138, 'steep barrels tricky sections ', 1, 1, 5, NULL, 1350563855, 1350736655, 1, 2.5, 1);
INSERT INTO `report` VALUES(139, 'burgery long walls', 1, 1, 4, NULL, 1350585492, 1350736692, 1, 3.5, 5);
INSERT INTO `report` VALUES(140, 'reform barrels', 1, 1, 4, NULL, 1350661145, 1350736745, 1, 1.5, 9);
INSERT INTO `report` VALUES(141, 'worse than finding an egg shell in your egg salad sandwich but not as bad as finding dog hair in your "hamburger", tho it was burgery in a glassy way', 1, 4, 3, NULL, 1350675483, 1350747483, 1, 1.5, 6);
INSERT INTO `report` VALUES(142, NULL, 1, 1, 3, NULL, 1351093613, 1351140413, 1, 1.5, 3);
INSERT INTO `report` VALUES(143, 'occ head high sets. VERY occassional. but it was nice out there. barrels galore. I didnt get any deep ones because it was mostly lefts and they were kinda narrow. beautiful conditions. possible best day of the season. will update with pic from morning', 1, 1, 5, '2012/10/1.25.17.26.24.png', 1351185984, 1351200384, 1, 1.5, 1);
INSERT INTO `report` VALUES(144, 'Suffering from severe morning sickness eg hantavirus in a 90 year old\r\n', 1, 4, 2, NULL, 1351444755, 1351451955, 1, 2.5, 5);
INSERT INTO `report` VALUES(145, 'little warbly but nice and sunny', 1, 1, 4, NULL, 1351458332, 1351537532, 1, 2.5, 5);
INSERT INTO `report` VALUES(146, 'Little soft but really clean', 1, 1, 4, 'http://i.imgur.com/hPvTA.jpg', 1351964501, 1352043701, 1, 2.5, 5);
INSERT INTO `report` VALUES(147, 'Punchy glassy evening bowls', 1, 1, 4, NULL, 1351989761, 1352043761, 1, NULL, 5);
INSERT INTO `report` VALUES(148, NULL, 0, 0, NULL, NULL, 0, 0, 0, NULL, NULL);
INSERT INTO `report` VALUES(149, 'disappointing, swell starting to come up but inconsistent, warbly , shifty, broke my leash on the way out (fin cut likely as waves not that big), swam in and retrieved my board, did a weak leash tie, went back out and got 1 crappy wave, at least i didn''t ', 1, 4, 3, NULL, 1352041867, 1352045467, 1, 3.5, 6);
INSERT INTO `report` VALUES(150, 'offshore, blue sky, overhead swell, more lined up tho not perfect,  leash plug broke, surfed leash free for 45 min then swam in, got another board, back out for more fun FALL. No complaints!! watched my cuz get a few narrells', 1, 4, 4, NULL, 1352133218, 1352140418, 1, 3.5, 6);
INSERT INTO `report` VALUES(151, 'Doh bombs sortof inconsistent though', 1, 1, 4, 'http://i.imgur.com/gNxgG.jpg', 1352220379, 1352223979, 1, 5, 6);
INSERT INTO `report` VALUES(152, 'Barrels mostly close outs but really really crowded', 1, 1, 4, NULL, 1352051459, 1352224259, 1, 3.5, 1);
INSERT INTO `report` VALUES(153, 'doh in middle, drifted to sloat with outgoing tide, strong offshore which eased to glass, blue sky, not perfectly lined up but lots of late drops, walls, open space, no crowd. Pulled into a close out right barrel on my last wave, came up with my right out', 1, 4, 4, NULL, 1352214860, 1352225660, 1, 5, 7);
INSERT INTO `report` VALUES(155, 'clean small bowls. some head dip barrels. good tide.', 1, 1, 4, '2012/11/1.11.19.00.20.png', 1352656820, 1352678420, 1, 1.5, 4);
INSERT INTO `report` VALUES(156, 'head high sets. some long ones. some thread the needle puka barrels. super fun', 1, 1, 5, '2012/11/1.13.12.59.12.png', 1352822352, 1352829552, 1, 2.5, 1);
INSERT INTO `report` VALUES(157, 'Fun Bowly clean. Small but breaking on the inside so pretty steep.', 1, 1, 4, 'http://i.imgur.com/uO1s6.jpg', 1352912796, 1352916396, 1, 1.5, 4);
INSERT INTO `report` VALUES(158, 'very inconsistent and crowded but powerful, offshore bowly hh (occ plus ) sets from the new long period starting to hit. Rainy day.  ', 1, 4, 4, NULL, 1353113404, 1353117004, 1, 2.5, 5);
INSERT INTO `report` VALUES(159, 'sloppy and dredgy! knarly beatings!', 1, 1, 2, '2012/11/1.18.21.35.34.png', 1353278134, 1353292534, 1, 3.5, 1);
INSERT INTO `report` VALUES(160, 'Not sure. Wasn''t out but it was breaking bc frank quirarte uploaded a vid to fb. Not sure exactly what time but judging from the sun in the pic mid afternoon.', 10, 1, 4, 'http://i.imgur.com/2Iagn.jpg', 1353537633, 1353566433, 1, 7, NULL);
INSERT INTO `report` VALUES(161, 'Inconsistent and crowded but fun. 4 hour sesh, 3 waves. Best around 11', 10, 1, 4, '2012/11/.23.4.45.49.png', 1353610126, 1353628126, 1, 9, NULL);
INSERT INTO `report` VALUES(162, 'one good one from the outside, but mostly little reforms', 1, 1, 4, '2012/11/.25.15.45.17.png', 1353694567, 1353791767, 1, 1.5, 6);
INSERT INTO `report` VALUES(163, 'Fun but really crowded. Lots of benders.', 2, 1, 4, 'http://i.imgur.com/m3U81.jpg', 1354498812, 1354498812, 1, 2.5, NULL);
INSERT INTO `report` VALUES(164, 'pretty fun despite peaky, somewhat warbled conditions after 4 days of rain and strong south winds; cleaned up nicely. ', 1, 4, 4, NULL, 1354574743, 1354592743, 1, 3.5, 6);
INSERT INTO `report` VALUES(165, 'great size for judah. peaky barrels. although only certain waves barrelled, some were too small', 1, 1, 4, NULL, 1354639378, 1354776178, 1, 1.5, 9);
INSERT INTO `report` VALUES(166, 'sh to hh barrels, occ bigger double ups, lots of close outs, blue sky, offshore, crowd not bad...fun', 1, 4, 4, NULL, 1354901484, 1354987884, 1, 2.5, 4);
INSERT INTO `report` VALUES(167, 'Hollow', 1, 1, 5, NULL, 1354902572, 1355075372, 1, 1.5, 4);
INSERT INTO `report` VALUES(168, 'Smaller than day before but still tubing ', 1, 1, 5, '2012/12/.10.12.08.27.png', 1354989023, 1355075423, 1, NULL, 4);
INSERT INTO `report` VALUES(169, 'Bowly tubes', 1, 1, 5, '2012/12/.10.12.08.04.png', 1355078385, 1355121585, 1, 1.5, 4);
INSERT INTO `report` VALUES(170, 'chest/shoulder in middle,  some barrels again, less crowd but still a factor, offshore, sunny niiiiice.  ', 1, 4, 4, NULL, 1355160669, 1355182269, 1, 1.5, 6);
INSERT INTO `report` VALUES(171, 'Really small.', 1, 1, 3, NULL, 1355159718, 1355246118, 1, 1.5, 4);
INSERT INTO `report` VALUES(172, 'f''ing hollow. really good. highest tide of the year. bobby martinez out', 1, 1, 5, NULL, 1355421576, 1355565576, 1, 2.5, 2);
INSERT INTO `report` VALUES(173, 'sh to just oh, very consistent, hard paddle but offshore, barrels, difficult to make but fun', 1, 4, 4, NULL, 1355593494, 1355701494, 1, 2.5, 5);
INSERT INTO `report` VALUES(174, 'hh occ oh offshore, barrels, occasionaly long period double up high tide death wedges. Fun!', 1, 4, 4, NULL, 1355679980, 1355701580, 1, 2.5, 6);
INSERT INTO `report` VALUES(175, 'East wind swell wrapping into pavils. ', 9, 1, 4, NULL, 1355887914, 1355898714, 1, 2.5, NULL);
INSERT INTO `report` VALUES(176, 'doh + solid, started the paddle south of sloat, out at rivera 1hr + later due to consistency rather than size, out with 1 other straggler who caught the bomb of the day. 3 rides for me, warbly, offshore, mediocre rides, towards end got cleaned on a top to', 1, 4, 3, NULL, 1355938736, 1355967536, 1, 5, 7);
INSERT INTO `report` VALUES(177, 'hh to few feet over, inner bar, rainy, cold double up wedges, lots of close out barrels but lucked into a deep long left that let me out, stoked! Merry xmas', 1, 4, 4, '2013/01/.12.12.29.45.jpg', 1356468277, 1356486277, 1, 3.5, 5);
INSERT INTO `report` VALUES(178, 'so good. great barrels. insiders were doubling up. outsiders were going mental', 11, 1, 5, NULL, 1356483057, 1356641457, 1, 5, NULL);
INSERT INTO `report` VALUES(179, 'cold, hard offshore, low tide, easy paddle out but long period inconsistent bombs, paddled out with mavs gun/lifevest just to test equipment but ended up glad I had the gun, waves were top to bottom doh to toh. only got one in an hour (getting dark), sket', 1, 4, 5, '2013/01/.07.0.56.43.jpg', 1356740499, 1356744099, 1, 7, 7);
INSERT INTO `report` VALUES(180, 'breaking @ ten feet according to Jon', 25, 1, 3, NULL, 1356923564, 1356934364, 1, 9, NULL);
INSERT INTO `report` VALUES(181, 'perfect, saturday 29th morning', 10, 1, 5, '2012/12/1.31.3.25.53.png', 1356798353, 1356942353, 1, 13.5, NULL);
INSERT INTO `report` VALUES(182, NULL, 25, 1, 4, 'http://i.imgur.com/rFWNP.jpg', 1356977509, 1356977509, 1, 11, NULL);
INSERT INTO `report` VALUES(183, 'Perfect conditions', 25, 1, 5, NULL, 1356991367, 1357012967, 1, 13.5, NULL);
INSERT INTO `report` VALUES(184, 'Deeper and not barreling on the inside like Christmas. ', 11, 1, 3, NULL, 1357006146, 1357081746, 1, 3.5, NULL);
INSERT INTO `report` VALUES(185, 'Tad smaller than yesterday but way less ppl out and really fun. Barrels on inside', 11, 1, 4, 'http://i.imgur.com/nNpy8.jpg', 1357086648, 1357090248, 1, 3.5, NULL);
INSERT INTO `report` VALUES(186, 'doh bombs, occ bigger, hard offshore wind. Still experimenting with hess gun/vest, got 2 legit set waves, hard paddle tho', 1, 4, 4, '2013/01/.12.12.19.14.jpg', 1357073588, 1357091588, 1, 5, 7);
INSERT INTO `report` VALUES(187, 'after 6 days of oh++long period surf with offshore winds "great vs pretty fun" becomes subjective. 1.5 occ doh, low crowd, manageable paddle, several coverups and one long made backside barrel, 7''0 pintail handled (except on one bomb) epic!', 1, 4, 5, '2013/01/.12.12.23.16.jpg', 1357239910, 1357239910, 1, 5, 5);
INSERT INTO `report` VALUES(188, 'the streak is over, ch to hh waves, a little lumpy tho still some double up cover ups, south winds came up at end of session...still would''ve been "great" a few months ago. ', 1, 4, 3, NULL, 1357418820, 1357444020, 1, 2.5, 6);
INSERT INTO `report` VALUES(189, 'utility session, semi-closed out, overhead, shifty and warbly but got a few...far cry from few days ago at OB. Mavs breaking on cam but no one out, looked warbly and shifty with westerly swell but much bigger and scarier, skipped it. ', 26, 4, 3, NULL, 1357504131, 1357522131, 1, 3.5, NULL);
INSERT INTO `report` VALUES(190, 'super windy but really consistent, pumping east swell', 9, 1, 4, NULL, 1357516834, 1357538434, 1, 2.5, NULL);
INSERT INTO `report` VALUES(191, 'right was going off! super strong tradewinds.', 28, 1, 5, NULL, 1357531404, 1357538604, 1, 2.5, NULL);
INSERT INTO `report` VALUES(192, 'ch to head, occ bigger with some fun wedges, offshore/glassy, occ barrels, south current, double ups, fun ... go niners', 1, 4, 4, NULL, 1358024877, 1358053677, 1, 1.5, 4);
INSERT INTO `report` VALUES(193, 'hh to few feet oh, a little warbly but some fun ones, evening sesh, offshore, cold, some almond barrels. Amazingly clear, felt like I could see pine needles on Redwoods on mount tam. ', 1, 4, 4, NULL, 1358125915, 1358140315, 1, 2.5, 5);
INSERT INTO `report` VALUES(194, 'really really good for an hour. super strong current. 1 real good in and out and one long tube that I didnt make', 1, 1, 4, '2013/01/.17.19.37.53.png', 1358109400, 1358185000, 1, 5, 3);
INSERT INTO `report` VALUES(195, 'ksanckascc', 1, 1, 4, '2013/01/1.17.19.55.37.png', 1358477737, 1358481337, 1, 5, NULL);
INSERT INTO `report` VALUES(196, 'dwdwdwdw', 1, 1, 2, '2013/01/1.17.20.52.34.gif', 1358470354, 1358484754, 1, 5, 3);
INSERT INTO `report` VALUES(197, 'sssss', 4, 1, 2, '2013/01/1.17.20.52.56.png', 1358484776, 1358484776, 1, 3.5, NULL);
INSERT INTO `report` VALUES(199, '', 1, 1, 3, NULL, 1358477608, 1358484808, 1, 3.5, 0);
INSERT INTO `report` VALUES(210, NULL, 1, 1, 2, NULL, 1358490878, 1358490878, 1, NULL, NULL);
INSERT INTO `report` VALUES(211, NULL, 1, 1, 2, NULL, 1358490995, 1358490995, 1, NULL, NULL);
INSERT INTO `report` VALUES(212, NULL, 1, 1, 2, NULL, 1358491039, 1358491039, 1, NULL, NULL);
INSERT INTO `report` VALUES(213, NULL, 1, 1, 2, NULL, 1358491044, 1358491044, 1, NULL, NULL);
INSERT INTO `report` VALUES(214, NULL, 1, 1, 2, NULL, 1358491058, 1358491058, 1, NULL, NULL);
INSERT INTO `report` VALUES(215, NULL, 1, 1, 2, NULL, 1358491076, 1358491076, 1, NULL, NULL);
INSERT INTO `report` VALUES(216, NULL, 1, 1, 2, NULL, 1358491114, 1358491114, 1, NULL, NULL);
INSERT INTO `report` VALUES(217, NULL, 1, 1, 2, NULL, 1358491116, 1358491116, 1, NULL, NULL);
INSERT INTO `report` VALUES(218, NULL, 1, 1, 2, NULL, 1358491122, 1358491122, 1, NULL, NULL);
INSERT INTO `report` VALUES(219, NULL, 1, 1, 2, NULL, 1358491136, 1358491136, 1, NULL, NULL);
INSERT INTO `report` VALUES(220, NULL, 1, 1, 2, NULL, 1358493736, 1358493736, 1, NULL, NULL);
INSERT INTO `report` VALUES(221, NULL, 1, 1, 2, NULL, 1358493775, 1358493775, 1, NULL, NULL);
INSERT INTO `report` VALUES(222, NULL, 1, 1, 2, NULL, 1358493916, 1358493916, 1, NULL, NULL);
INSERT INTO `report` VALUES(223, NULL, 1, 1, 2, NULL, 1358493949, 1358493949, 1, NULL, NULL);
INSERT INTO `report` VALUES(224, NULL, 1, 1, 2, NULL, 1358494035, 1358494035, 1, NULL, NULL);
INSERT INTO `report` VALUES(225, NULL, 1, 1, 2, NULL, 1358494136, 1358494136, 1, NULL, NULL);
INSERT INTO `report` VALUES(226, NULL, 1, 1, 2, NULL, 1358494170, 1358494170, 1, NULL, NULL);
INSERT INTO `report` VALUES(227, NULL, 1, 1, 2, NULL, 1358494386, 1358494386, 1, NULL, NULL);
INSERT INTO `report` VALUES(228, NULL, 1, 1, 3, NULL, 1358495891, 1358495891, 1, NULL, NULL);
INSERT INTO `report` VALUES(229, NULL, 1, 1, 3, NULL, 1358495923, 1358495923, 1, NULL, NULL);
INSERT INTO `report` VALUES(230, NULL, 1, 1, 3, NULL, 1358496011, 1358496011, 1, NULL, NULL);
INSERT INTO `report` VALUES(231, NULL, 1, 1, 3, NULL, 1358496049, 1358496049, 1, NULL, NULL);
INSERT INTO `report` VALUES(232, NULL, 1, 1, 3, NULL, 1358496428, 1358496428, 1, NULL, NULL);
INSERT INTO `report` VALUES(233, NULL, 1, 1, 3, NULL, 1358496478, 1358496478, 1, NULL, NULL);
INSERT INTO `report` VALUES(234, NULL, 1, 1, 3, NULL, 1358496501, 1358496501, 1, NULL, NULL);
INSERT INTO `report` VALUES(235, NULL, 1, 1, 3, NULL, 1358496561, 1358496561, 1, NULL, NULL);
INSERT INTO `report` VALUES(236, NULL, 1, 1, 3, NULL, 1358496619, 1358496619, 1, NULL, NULL);
INSERT INTO `report` VALUES(237, NULL, 1, 1, 3, NULL, 1358496660, 1358496660, 1, NULL, NULL);
INSERT INTO `report` VALUES(238, NULL, 1, 1, 3, NULL, 1358496682, 1358496682, 1, NULL, NULL);
INSERT INTO `report` VALUES(239, NULL, 1, 1, 3, NULL, 1358496771, 1358496771, 1, NULL, NULL);
INSERT INTO `report` VALUES(240, NULL, 1, 1, 3, NULL, 1358496806, 1358496806, 1, NULL, NULL);
INSERT INTO `report` VALUES(241, NULL, 1, 1, 3, NULL, 1358496852, 1358496852, 1, NULL, NULL);
INSERT INTO `report` VALUES(242, NULL, 1, 1, 3, NULL, 1358497246, 1358497246, 1, NULL, NULL);
INSERT INTO `report` VALUES(243, NULL, 1, 1, 3, NULL, 1358497296, 1358497296, 1, NULL, NULL);
INSERT INTO `report` VALUES(244, NULL, 1, 1, 3, NULL, 1358497348, 1358497348, 1, NULL, NULL);
INSERT INTO `report` VALUES(245, NULL, 1, 1, 3, NULL, 1358497475, 1358497475, 1, NULL, NULL);
INSERT INTO `report` VALUES(246, NULL, 1, 1, 3, NULL, 1358498565, 1358498565, 1, NULL, NULL);
INSERT INTO `report` VALUES(247, NULL, 1, 1, 3, NULL, 1358498636, 1358498636, 1, NULL, NULL);
INSERT INTO `report` VALUES(248, NULL, 1, 1, 3, NULL, 1358498695, 1358498695, 1, NULL, NULL);
INSERT INTO `report` VALUES(249, NULL, 1, 1, 4, NULL, 1358498761, 1358498761, 1, NULL, NULL);
INSERT INTO `report` VALUES(250, NULL, 1, 1, 1, NULL, 1358498847, 1358498847, 1, NULL, 2);
INSERT INTO `report` VALUES(251, NULL, 1, 1, 3, NULL, 1358499065, 1358499065, 1, NULL, NULL);
INSERT INTO `report` VALUES(252, NULL, 1, 1, 2, NULL, 1358499210, 1358499210, 1, NULL, NULL);
INSERT INTO `report` VALUES(253, NULL, 1, 1, 2, NULL, 1358499333, 1358499333, 1, NULL, NULL);
INSERT INTO `report` VALUES(254, NULL, 1, 1, 3, NULL, 1358499388, 1358499388, 1, NULL, NULL);
INSERT INTO `report` VALUES(255, NULL, 1, 1, 3, NULL, 1358499534, 1358499534, 1, NULL, NULL);
INSERT INTO `report` VALUES(256, NULL, 1, 1, 3, NULL, 1358499585, 1358499585, 1, NULL, NULL);
INSERT INTO `report` VALUES(257, NULL, 1, 1, 2, NULL, 1358499616, 1358499616, 1, NULL, NULL);
INSERT INTO `report` VALUES(258, 'knklnkn', 1, 1, 3, '2013/01/1.18.1.01.47.png', 1358488907, 1358499707, 1, 3.5, 3);
INSERT INTO `report` VALUES(259, NULL, 1, 1, 4, NULL, 1358499791, 1358499791, 1, NULL, NULL);
INSERT INTO `report` VALUES(260, NULL, 1, 1, 4, NULL, 1358499912, 1358499912, 1, NULL, NULL);
INSERT INTO `report` VALUES(261, 'dvddv', 1, 1, 2, '2013/01/1.18.14.41.18.png', 1358548878, 1358548878, 1, 3.5, NULL);
INSERT INTO `report` VALUES(262, NULL, 1, 1, 3, NULL, 1358551855, 1358551855, 1, NULL, NULL);
INSERT INTO `report` VALUES(263, NULL, 1, 1, 3, NULL, 1358552017, 1358552017, 1, NULL, NULL);
INSERT INTO `report` VALUES(264, NULL, 1, 1, 3, NULL, 1358552050, 1358552050, 1, NULL, NULL);
INSERT INTO `report` VALUES(265, NULL, 1, 1, 3, NULL, 1358552066, 1358552066, 1, NULL, NULL);
INSERT INTO `report` VALUES(266, NULL, 1, 1, 3, NULL, 1358552109, 1358552109, 1, NULL, NULL);
INSERT INTO `report` VALUES(267, NULL, 1, 1, 3, NULL, 1358552751, 1358552751, 1, NULL, NULL);
INSERT INTO `report` VALUES(268, NULL, 1, 1, 3, NULL, 1358552828, 1358552828, 1, NULL, NULL);
INSERT INTO `report` VALUES(269, NULL, 1, 1, 3, NULL, 1358552856, 1358552856, 1, NULL, NULL);
INSERT INTO `report` VALUES(270, NULL, 1, 1, 3, NULL, 1358552883, 1358552883, 1, NULL, NULL);
INSERT INTO `report` VALUES(271, NULL, 1, 1, 3, NULL, 1358552918, 1358552918, 1, NULL, NULL);
INSERT INTO `report` VALUES(272, NULL, 1, 1, 3, NULL, 1358552971, 1358552971, 1, NULL, NULL);
INSERT INTO `report` VALUES(273, NULL, 1, 1, 3, NULL, 1358553302, 1358553302, 1, NULL, NULL);
INSERT INTO `report` VALUES(274, NULL, 1, 1, 3, NULL, 1358554705, 1358554705, 1, NULL, NULL);
INSERT INTO `report` VALUES(275, NULL, 1, 1, 3, NULL, 1358554978, 1358554978, 1, NULL, NULL);
INSERT INTO `report` VALUES(276, NULL, 1, 1, 3, NULL, 1358554993, 1358554993, 1, NULL, NULL);
INSERT INTO `report` VALUES(277, NULL, 1, 1, 3, NULL, 1358555181, 1358555181, 1, NULL, NULL);
INSERT INTO `report` VALUES(278, NULL, 1, 1, 3, NULL, 1358555499, 1358555499, 1, NULL, NULL);
INSERT INTO `report` VALUES(279, NULL, 1, 1, 3, NULL, 1358555548, 1358555548, 1, NULL, NULL);
INSERT INTO `report` VALUES(280, NULL, 1, 1, 3, NULL, 1358555602, 1358555602, 1, NULL, NULL);
INSERT INTO `report` VALUES(281, NULL, 1, 1, 3, NULL, 1358555620, 1358555620, 1, NULL, NULL);
INSERT INTO `report` VALUES(282, NULL, 1, 1, 3, NULL, 1358556199, 1358556199, 1, NULL, NULL);
INSERT INTO `report` VALUES(283, NULL, 1, 1, 3, NULL, 1358556248, 1358556248, 1, NULL, NULL);
INSERT INTO `report` VALUES(284, NULL, 1, 1, 3, NULL, 1358556274, 1358556274, 1, NULL, NULL);
INSERT INTO `report` VALUES(285, NULL, 1, 1, 3, NULL, 1358556320, 1358556320, 1, NULL, NULL);
INSERT INTO `report` VALUES(286, NULL, 1, 1, 3, NULL, 1358556359, 1358556359, 1, NULL, NULL);
INSERT INTO `report` VALUES(287, NULL, 1, 1, 3, NULL, 1358556372, 1358556372, 1, NULL, NULL);
INSERT INTO `report` VALUES(288, NULL, 1, 1, 3, NULL, 1358556480, 1358556480, 1, NULL, NULL);
INSERT INTO `report` VALUES(289, NULL, 1, 1, 3, NULL, 1358563358, 1358563358, 1, NULL, NULL);
INSERT INTO `report` VALUES(290, NULL, 1, 1, 3, NULL, 1358565085, 1358565085, 1, NULL, NULL);
INSERT INTO `report` VALUES(291, NULL, 2, 1, 2, NULL, 1358565387, 1358565387, 1, NULL, NULL);
INSERT INTO `report` VALUES(292, NULL, 1, 1, 4, NULL, 1358543849, 1358565449, 1, NULL, NULL);
INSERT INTO `report` VALUES(293, NULL, 1, 1, 4, NULL, 1358574402, 1358574402, 1, NULL, NULL);
INSERT INTO `report` VALUES(294, NULL, 1, 1, 4, NULL, 1358574643, 1358574643, 1, NULL, NULL);
INSERT INTO `report` VALUES(295, NULL, 1, 1, 4, NULL, 1358574699, 1358574699, 1, NULL, NULL);
INSERT INTO `report` VALUES(296, NULL, 1, 1, 4, NULL, 1358628907, 1358628907, 1, NULL, NULL);
INSERT INTO `report` VALUES(297, NULL, 1, 1, 3, NULL, 1358628947, 1358628947, 1, NULL, NULL);
INSERT INTO `report` VALUES(298, NULL, 1, 1, 3, NULL, 1358629015, 1358629015, 1, NULL, NULL);
INSERT INTO `report` VALUES(299, 'good', 2, 1, 2, '2013/01/1.19.22.37.29.png', 1358649449, 1358663849, 1, 5, NULL);
INSERT INTO `report` VALUES(300, 'good', 2, 1, 2, '2013/01/1.19.22.40.28.png', 1358649628, 1358664028, 1, 5, NULL);
INSERT INTO `report` VALUES(301, 'good', 2, 1, 3, '2013/01/1.19.22.41.07.png', 1358653267, 1358664067, 1, 3.5, NULL);
INSERT INTO `report` VALUES(302, NULL, 2, 1, 2, NULL, 1358657050, 1358664250, 1, NULL, NULL);
INSERT INTO `report` VALUES(303, NULL, 2, 1, 3, NULL, 1358653563, 1358664363, 1, NULL, NULL);
INSERT INTO `report` VALUES(304, NULL, 1, 1, 2, NULL, 1358665579, 1358665579, 1, NULL, NULL);
INSERT INTO `report` VALUES(305, NULL, 1, 1, 4, NULL, 1358665641, 1358665641, 1, NULL, NULL);
INSERT INTO `report` VALUES(306, NULL, 1, 1, 4, NULL, 1358665799, 1358665799, 1, NULL, NULL);
INSERT INTO `report` VALUES(307, NULL, 1, 1, 4, NULL, 1358665839, 1358665839, 1, NULL, NULL);
INSERT INTO `report` VALUES(308, NULL, 1, 1, 4, NULL, 1358665874, 1358665874, 1, NULL, NULL);
INSERT INTO `report` VALUES(309, NULL, 1, 1, 4, NULL, 1358665895, 1358665895, 1, NULL, NULL);
INSERT INTO `report` VALUES(310, NULL, 1, 1, 4, NULL, 1358665924, 1358665924, 1, NULL, NULL);
INSERT INTO `report` VALUES(311, NULL, 1, 1, 4, NULL, 1358665971, 1358665971, 1, NULL, NULL);
INSERT INTO `report` VALUES(312, NULL, 1, 1, 5, NULL, 1358666123, 1358666123, 1, NULL, NULL);
INSERT INTO `report` VALUES(313, NULL, 1, 1, 3, NULL, 1358743855, 1358743855, 1, NULL, NULL);
INSERT INTO `report` VALUES(314, NULL, 1, 1, 2, NULL, 1358743949, 1358743949, 1, NULL, NULL);
INSERT INTO `report` VALUES(315, NULL, 1, 1, 2, NULL, 1358744056, 1358744056, 1, NULL, NULL);
INSERT INTO `report` VALUES(316, NULL, 1, 1, 3, NULL, 1358723058, 1358744658, 1, NULL, NULL);
INSERT INTO `report` VALUES(317, 'dawned it from 6:45 to 8:00. freezing. got really worked, then got one clean one. slight southerly chop. rising tide made it more and more inconsistent', 10, 1, 4, NULL, 1360683572, 1360733972, 1, 9, NULL);
INSERT INTO `report` VALUES(318, NULL, 2, 1, 3, NULL, 1360908157, 1360908157, 1, NULL, NULL);
INSERT INTO `report` VALUES(319, NULL, 2, 1, 4, NULL, 1360909047, 1360909047, 1, 5, NULL);
INSERT INTO `report` VALUES(320, NULL, 2, 1, 2, NULL, 1360909147, 1360909147, 1, 5, NULL);
INSERT INTO `report` VALUES(321, NULL, 2, 1, 2, NULL, 1360909190, 1360909190, 1, 5, NULL);
INSERT INTO `report` VALUES(322, NULL, 2, 1, 2, NULL, 1360909211, 1360909211, 1, 5, NULL);
INSERT INTO `report` VALUES(323, NULL, 2, 1, 4, NULL, 1360898550, 1360909350, 1, NULL, NULL);
INSERT INTO `report` VALUES(324, NULL, 2, 1, 2, NULL, 1360898692, 1360909492, 1, 5, NULL);
INSERT INTO `report` VALUES(325, NULL, 2, 1, 2, NULL, 1360898741, 1360909541, 1, 5, NULL);
INSERT INTO `report` VALUES(326, NULL, 2, 1, 2, NULL, 1360891564, 1360909564, 1, 5, NULL);
INSERT INTO `report` VALUES(327, NULL, 2, 1, 2, NULL, 1360892040, 1360910040, 1, 5, NULL);
INSERT INTO `report` VALUES(328, NULL, 2, 1, 3, NULL, 1360999269, 1360999269, 1, NULL, NULL);
INSERT INTO `report` VALUES(329, NULL, 2, 1, 3, NULL, 1361000552, 1361000552, 1, NULL, NULL);

-- --------------------------------------------------------

--
-- Table structure for table `reporter`
--

CREATE TABLE `reporter` (
  `id` int(11) NOT NULL AUTO_INCREMENT,
  `name` varchar(255) DEFAULT NULL,
  `email` varchar(255) DEFAULT NULL,
  `password` char(32) DEFAULT NULL,
  `joindate` timestamp NULL DEFAULT CURRENT_TIMESTAMP,
  `public` tinyint(1) DEFAULT '1',
  PRIMARY KEY (`id`),
  UNIQUE KEY `name` (`name`),
  UNIQUE KEY `email` (`email`)
) ENGINE=InnoDB  DEFAULT CHARSET=utf8 AUTO_INCREMENT=27 ;

--
-- Dumping data for table `reporter`
--

INSERT INTO `reporter` VALUES(1, 'Joey', 'jhodara@gmail.com', '122cf43e21cde5b4439d86338027986e', '2012-01-16 14:35:46', 1);
INSERT INTO `reporter` VALUES(2, 'rhodara', 'rhodara@seaburyhall.org', '980ae75fdd6bb552915910839cbf4c1b', '2012-01-21 18:24:37', 1);
INSERT INTO `reporter` VALUES(3, 'meh70', 'mehodara@gmail.com', '00c243b7d08882d3a1203c0da4fccffc', '2012-01-21 18:25:28', 1);
INSERT INTO `reporter` VALUES(4, 'jason', 'jasonanderson62@gmail.com', '4b04a9e3bb9bc43cffae2d52fd6a78ba', '2012-01-21 18:26:00', 1);
INSERT INTO `reporter` VALUES(5, 'Ivy', 'ivy@e.com', 'c4ae543e7d603dfbd49282136788880e', '2012-01-22 23:51:38', 1);
INSERT INTO `reporter` VALUES(7, 'nicholas.schlag', 'nicholas.schlag@gmail.com', 'd6ac2e8741022c6badcfb9a409d745fb', '2012-01-23 03:55:56', 1);
INSERT INTO `reporter` VALUES(8, 'jonspenser', 'jonspenser@gmail.com', 'b2ddbe5953aae75f7ac253c997973368', '2012-01-23 17:46:12', 1);
INSERT INTO `reporter` VALUES(9, 'Deccan', '123@aol.com', '71aafc92cbcb7154dc8fcacaa7c6b196', '2012-02-09 08:20:38', 1);
INSERT INTO `reporter` VALUES(12, 'Mikegrame@gmail.com', NULL, '05ee87978bb998f7e4ba89be33e003fa', '2012-04-15 13:39:22', 1);
INSERT INTO `reporter` VALUES(13, 'Linny808', NULL, '987fdcbfdb3dfc2fba112e9e260c0c45', '2012-05-03 00:34:19', 0);
INSERT INTO `reporter` VALUES(14, 'Theo', NULL, 'ba39b0ce8f8e5a6e6f0695cd0063258c', '2012-05-13 22:14:41', 0);
INSERT INTO `reporter` VALUES(15, 'kathymacrae', NULL, 'f18e811c5e3b5e38932102429b12a3e8', '2012-05-23 10:30:56', 1);
INSERT INTO `reporter` VALUES(16, 'bootsy', NULL, 'b0669c2ea2f46849c3f3765761bc99a6', '2012-05-27 14:35:24', 1);
INSERT INTO `reporter` VALUES(17, 'Bagwell ', NULL, '034ac7c9e92db78f819d49c9b0d0ac6b', '2012-06-14 12:10:33', 1);
INSERT INTO `reporter` VALUES(18, 'Captain KR', NULL, 'dad2d74a7a9ae68f377ac0e1ab3099b7', '2012-07-03 14:24:17', 1);
INSERT INTO `reporter` VALUES(19, 'rohan', NULL, '773690710cfcf955874f93b1fb7260b0', '2012-07-06 04:20:13', 1);
INSERT INTO `reporter` VALUES(20, 'lugolugo', NULL, '5a4c37c4975e0419d067a24eadc5eb45', '2012-07-10 12:00:49', 0);
INSERT INTO `reporter` VALUES(22, 'Angel fan', 'angelfan111@yahoo.com', '4d83231a301712d2a50575dfbec7173f', '2012-09-02 18:55:36', 1);
INSERT INTO `reporter` VALUES(23, 'cheapralphlauren', 'xiaoguoblog@aol.com', 'ccfaf1fc8c81444bd27feab59ea7fd97', '2012-09-14 16:14:46', 1);
INSERT INTO `reporter` VALUES(24, 'Mark', 'mj5762@att.net', '6dcc95cbdfd5e917409f46c90a874267', '2012-11-25 10:15:45', 0);
INSERT INTO `reporter` VALUES(25, 'wrencefloclog', 'linshibo0828@gmail.com', '5117c222d1e082d26ffc1adac3e26f01', '2012-12-06 02:44:49', 1);
INSERT INTO `reporter` VALUES(26, 'Albatross', 'overland1@sbcglobal.net', '862d36daabc2064952071756be83c689', '2013-01-06 23:16:10', 0);

-- --------------------------------------------------------

--
-- Table structure for table `reportercrew`
--

CREATE TABLE `reportercrew` (
  `reporter` int(11) NOT NULL,
  `crew` int(11) NOT NULL,
  PRIMARY KEY (`reporter`,`crew`)
) ENGINE=InnoDB DEFAULT CHARSET=utf8;

--
-- Dumping data for table `reportercrew`
--


-- --------------------------------------------------------

--
-- Table structure for table `reporterlocation`
--

CREATE TABLE `reporterlocation` (
  `reporterid` int(11) NOT NULL,
  `locationid` int(11) NOT NULL,
  PRIMARY KEY (`reporterid`,`locationid`)
) ENGINE=InnoDB DEFAULT CHARSET=utf8;

--
-- Dumping data for table `reporterlocation`
--

INSERT INTO `reporterlocation` VALUES(0, 0);
INSERT INTO `reporterlocation` VALUES(1, 1);
INSERT INTO `reporterlocation` VALUES(1, 2);
INSERT INTO `reporterlocation` VALUES(1, 3);
INSERT INTO `reporterlocation` VALUES(1, 4);
INSERT INTO `reporterlocation` VALUES(1, 9);
INSERT INTO `reporterlocation` VALUES(1, 10);
INSERT INTO `reporterlocation` VALUES(1, 11);
INSERT INTO `reporterlocation` VALUES(1, 17);
INSERT INTO `reporterlocation` VALUES(1, 20);
INSERT INTO `reporterlocation` VALUES(1, 24);
INSERT INTO `reporterlocation` VALUES(1, 25);
INSERT INTO `reporterlocation` VALUES(1, 28);
INSERT INTO `reporterlocation` VALUES(2, 5);
INSERT INTO `reporterlocation` VALUES(3, 4);
INSERT INTO `reporterlocation` VALUES(4, 1);
INSERT INTO `reporterlocation` VALUES(4, 3);
INSERT INTO `reporterlocation` VALUES(4, 13);
INSERT INTO `reporterlocation` VALUES(4, 14);
INSERT INTO `reporterlocation` VALUES(4, 20);
INSERT INTO `reporterlocation` VALUES(4, 22);
INSERT INTO `reporterlocation` VALUES(4, 23);
INSERT INTO `reporterlocation` VALUES(4, 26);
INSERT INTO `reporterlocation` VALUES(9, 12);
INSERT INTO `reporterlocation` VALUES(15, 16);
INSERT INTO `reporterlocation` VALUES(16, 1);
INSERT INTO `reporterlocation` VALUES(18, 19);
INSERT INTO `reporterlocation` VALUES(20, 21);
INSERT INTO `reporterlocation` VALUES(26, 27);

-- --------------------------------------------------------

--
-- Table structure for table `sublocation`
--

CREATE TABLE `sublocation` (
  `sl_id` int(5) NOT NULL AUTO_INCREMENT,
  `sl_name` varchar(255) DEFAULT NULL,
  PRIMARY KEY (`sl_id`)
) ENGINE=InnoDB  DEFAULT CHARSET=latin1 AUTO_INCREMENT=10 ;

--
-- Dumping data for table `sublocation`
--

INSERT INTO `sublocation` VALUES(1, 'VFW');
INSERT INTO `sublocation` VALUES(2, 'Lincoln');
INSERT INTO `sublocation` VALUES(3, 'Irving');
INSERT INTO `sublocation` VALUES(4, 'Lawton');
INSERT INTO `sublocation` VALUES(5, 'Noriega');
INSERT INTO `sublocation` VALUES(6, 'Pacheco');
INSERT INTO `sublocation` VALUES(7, 'Rivera');
INSERT INTO `sublocation` VALUES(8, 'Sloat');
INSERT INTO `sublocation` VALUES(9, 'Judah');

-- --------------------------------------------------------

--
-- Table structure for table `tidedata`
--

CREATE TABLE `tidedata` (
  `id` int(11) NOT NULL AUTO_INCREMENT,
  `tide` float DEFAULT NULL,
  `tidedate` int(11) DEFAULT NULL,
  `reportid` int(11) NOT NULL,
  `tidestation` varchar(50) DEFAULT NULL,
  `predictedTide` varchar(50) DEFAULT NULL,
  `tideRise` tinyint(4) DEFAULT NULL,
  PRIMARY KEY (`id`)
) ENGINE=InnoDB  DEFAULT CHARSET=latin1 AUTO_INCREMENT=241 ;

--
-- Dumping data for table `tidedata`
--

INSERT INTO `tidedata` VALUES(1, 3.62, 1326901800, 1, NULL, NULL, -1);
INSERT INTO `tidedata` VALUES(2, 5.42, 1326904200, 2, NULL, NULL, -1);
INSERT INTO `tidedata` VALUES(3, -0.08, 1327185360, 3, NULL, NULL, -1);
INSERT INTO `tidedata` VALUES(7, 4.83, 1327301280, 9, NULL, NULL, 1);
INSERT INTO `tidedata` VALUES(9, 4.3, 1327514040, 12, NULL, NULL, 1);
INSERT INTO `tidedata` VALUES(10, 3.32, 1327782240, 13, NULL, NULL, 1);
INSERT INTO `tidedata` VALUES(11, 3.21, 1327800240, 14, NULL, NULL, -1);
INSERT INTO `tidedata` VALUES(12, 3.17, 1327889880, 15, NULL, NULL, -1);
INSERT INTO `tidedata` VALUES(13, 2.35, 1328209200, 16, NULL, NULL, -1);
INSERT INTO `tidedata` VALUES(14, 2.51, 1328386320, 17, NULL, NULL, -1);
INSERT INTO `tidedata` VALUES(15, 1.11, 1328389200, 18, NULL, NULL, 1);
INSERT INTO `tidedata` VALUES(16, 4.12, 1328471280, 19, NULL, NULL, -1);
INSERT INTO `tidedata` VALUES(17, 6.35, 1328550480, 20, NULL, NULL, 1);
INSERT INTO `tidedata` VALUES(18, 3.7, 1328716800, 21, NULL, NULL, 1);
INSERT INTO `tidedata` VALUES(19, 4.1, 1328738040, 22, NULL, NULL, -1);
INSERT INTO `tidedata` VALUES(20, 2.94, 1328804280, 23, NULL, NULL, 1);
INSERT INTO `tidedata` VALUES(21, 2.4, 1328892840, 24, NULL, NULL, 1);
INSERT INTO `tidedata` VALUES(23, 4.42, 1329769440, 27, NULL, NULL, -1);
INSERT INTO `tidedata` VALUES(24, 1.85, 1330444800, 28, NULL, NULL, -1);
INSERT INTO `tidedata` VALUES(25, 2.2, 1330801560, 31, NULL, NULL, -1);
INSERT INTO `tidedata` VALUES(26, 0.36, 1330812720, 32, NULL, NULL, 1);
INSERT INTO `tidedata` VALUES(27, 0.5, 1330905960, 35, NULL, NULL, 1);
INSERT INTO `tidedata` VALUES(28, 5.21, 1330881120, 36, NULL, NULL, -1);
INSERT INTO `tidedata` VALUES(29, 4.03, 1331224920, 37, NULL, NULL, 1);
INSERT INTO `tidedata` VALUES(30, 3.48, 1331313480, 38, NULL, NULL, 1);
INSERT INTO `tidedata` VALUES(31, 4.91, 1331409240, 39, NULL, NULL, 1);
INSERT INTO `tidedata` VALUES(32, 4.92, 1331503200, 40, NULL, NULL, NULL);
INSERT INTO `tidedata` VALUES(33, 5.24, 1332173520, 41, NULL, NULL, 1);
INSERT INTO `tidedata` VALUES(34, 4.69, 1332260640, 42, NULL, NULL, 1);
INSERT INTO `tidedata` VALUES(35, 4.16, 1332304560, 43, NULL, NULL, 1);
INSERT INTO `tidedata` VALUES(36, 4.14, 1332362880, 45, NULL, NULL, -1);
INSERT INTO `tidedata` VALUES(37, 2.45, 1332699480, 47, NULL, NULL, 1);
INSERT INTO `tidedata` VALUES(38, 0.76, 1333133280, 48, NULL, NULL, 1);
INSERT INTO `tidedata` VALUES(39, 1.63, 1333209240, 49, NULL, NULL, -1);
INSERT INTO `tidedata` VALUES(40, 0.78, 1333304640, 50, NULL, NULL, 1);
INSERT INTO `tidedata` VALUES(41, 3.84, 1333380960, 51, NULL, NULL, -1);
INSERT INTO `tidedata` VALUES(42, 5, 1333465920, 52, NULL, NULL, -1);
INSERT INTO `tidedata` VALUES(43, 3.02, 1333819440, 53, NULL, NULL, 1);
INSERT INTO `tidedata` VALUES(44, 0.91, 1334434320, 54, NULL, NULL, NULL);
INSERT INTO `tidedata` VALUES(46, 1.52, 1335024720, 56, NULL, NULL, 1);
INSERT INTO `tidedata` VALUES(47, -0.2, 1335369960, 57, NULL, NULL, 1);
INSERT INTO `tidedata` VALUES(48, 2.85, 1337478120, 58, NULL, NULL, 1);
INSERT INTO `tidedata` VALUES(49, 3.01, 1337566680, 59, NULL, NULL, 1);
INSERT INTO `tidedata` VALUES(50, -0.55, 1337874840, 60, NULL, NULL, 1);
INSERT INTO `tidedata` VALUES(51, 3.89, 1338085440, 61, NULL, NULL, -1);
INSERT INTO `tidedata` VALUES(52, 0.28, 1338143760, 62, NULL, NULL, 1);
INSERT INTO `tidedata` VALUES(53, 1.05, 1338132600, 63, NULL, NULL, -1);
INSERT INTO `tidedata` VALUES(54, 0.45, 1338231600, 64, NULL, NULL, 1);
INSERT INTO `tidedata` VALUES(55, -0.37, 1338822720, 65, NULL, NULL, 1);
INSERT INTO `tidedata` VALUES(56, -1.75, 1338906600, 66, NULL, NULL, 1);
INSERT INTO `tidedata` VALUES(57, -1.71, 1338994800, 68, NULL, NULL, 1);
INSERT INTO `tidedata` VALUES(58, 1.07, 1339253280, 69, NULL, NULL, -1);
INSERT INTO `tidedata` VALUES(59, 2.71, 1339428600, 70, NULL, NULL, -1);
INSERT INTO `tidedata` VALUES(60, 1.49, 1339342560, 71, NULL, NULL, -1);
INSERT INTO `tidedata` VALUES(61, 3.65, 1339512480, 72, NULL, NULL, -1);
INSERT INTO `tidedata` VALUES(62, 3.58, 1339878240, 73, NULL, NULL, -1);
INSERT INTO `tidedata` VALUES(63, -0.77, 1340200800, 74, NULL, NULL, NULL);
INSERT INTO `tidedata` VALUES(64, 3.53, 1340413200, 76, NULL, NULL, -1);
INSERT INTO `tidedata` VALUES(65, 0.21, 1340471520, 77, NULL, NULL, 1);
INSERT INTO `tidedata` VALUES(66, 2.13, 1340543880, 78, NULL, NULL, -1);
INSERT INTO `tidedata` VALUES(67, 0.31, 1340641800, 80, NULL, NULL, -1);
INSERT INTO `tidedata` VALUES(68, 0.67, 1340638920, 81, NULL, NULL, -1);
INSERT INTO `tidedata` VALUES(69, 1.61, 1340725680, 82, NULL, NULL, -1);
INSERT INTO `tidedata` VALUES(70, 1.38, 1340726760, 83, NULL, NULL, -1);
INSERT INTO `tidedata` VALUES(71, 0.17, 1341764640, 85, NULL, NULL, -1);
INSERT INTO `tidedata` VALUES(72, 0.18, 1341765360, 86, NULL, NULL, 1);
INSERT INTO `tidedata` VALUES(73, 1.26, 1342537920, 87, NULL, NULL, 1);
INSERT INTO `tidedata` VALUES(74, 3.55, 1342562400, 88, NULL, NULL, -1);
INSERT INTO `tidedata` VALUES(75, 2.07, 1342980360, 89, NULL, NULL, 1);
INSERT INTO `tidedata` VALUES(76, 1.15, 1343143440, 90, NULL, NULL, -1);
INSERT INTO `tidedata` VALUES(77, 4.15, 1343271240, 91, NULL, NULL, -1);
INSERT INTO `tidedata` VALUES(78, 3.81, 1343496240, 92, NULL, NULL, -1);
INSERT INTO `tidedata` VALUES(79, 0.07, 1346166000, 94, NULL, NULL, -1);
INSERT INTO `tidedata` VALUES(80, 0.23, 1347550920, 96, NULL, NULL, -1);
INSERT INTO `tidedata` VALUES(81, 0.36, 1347460920, 97, NULL, NULL, -1);
INSERT INTO `tidedata` VALUES(83, 4.61, 1347815880, 99, NULL, NULL, 1);
INSERT INTO `tidedata` VALUES(85, 4.8, 1348503480, 101, NULL, NULL, -1);
INSERT INTO `tidedata` VALUES(86, 2.59, 1348518240, 102, NULL, NULL, -1);
INSERT INTO `tidedata` VALUES(87, 2.74, 1348522560, 103, NULL, NULL, 1);
INSERT INTO `tidedata` VALUES(88, 4.69, 1348761600, 104, NULL, NULL, 1);
INSERT INTO `tidedata` VALUES(89, 4.87, 1348762320, 105, NULL, NULL, 1);
INSERT INTO `tidedata` VALUES(90, 1.31, 1348881840, 106, NULL, NULL, 1);
INSERT INTO `tidedata` VALUES(91, 4.83, 1348942320, 107, NULL, NULL, -1);
INSERT INTO `tidedata` VALUES(92, 5.44, 1348940520, 108, NULL, NULL, 1);
INSERT INTO `tidedata` VALUES(93, 4.04, 1348953120, 109, NULL, NULL, -1);
INSERT INTO `tidedata` VALUES(94, 4.71, 1349025120, 111, NULL, NULL, 1);
INSERT INTO `tidedata` VALUES(95, 5.7, 1349030160, 112, NULL, NULL, 1);
INSERT INTO `tidedata` VALUES(96, 0.42, 1349055360, 113, NULL, NULL, NULL);
INSERT INTO `tidedata` VALUES(97, 5.81, 1349033760, 114, NULL, NULL, -1);
INSERT INTO `tidedata` VALUES(98, 4.75, 1349127360, 115, NULL, NULL, -1);
INSERT INTO `tidedata` VALUES(99, 2.98, 1349106480, 116, NULL, NULL, 1);
INSERT INTO `tidedata` VALUES(100, 0.57, 1349228520, 117, NULL, NULL, -1);
INSERT INTO `tidedata` VALUES(101, 2.69, 1349279280, 118, NULL, NULL, 1);
INSERT INTO `tidedata` VALUES(102, 2.47, 1349399160, 119, NULL, NULL, -1);
INSERT INTO `tidedata` VALUES(103, 3.01, 1349453520, 120, NULL, NULL, NULL);
INSERT INTO `tidedata` VALUES(104, 3.46, 1349628840, 121, NULL, NULL, -1);
INSERT INTO `tidedata` VALUES(105, 3.29, 1349632440, 122, NULL, NULL, -1);
INSERT INTO `tidedata` VALUES(106, 4.25, 1349709840, 123, NULL, NULL, -1);
INSERT INTO `tidedata` VALUES(107, 3.72, 1349805240, 124, NULL, NULL, -1);
INSERT INTO `tidedata` VALUES(108, 4.58, 1349880840, 125, NULL, NULL, 1);
INSERT INTO `tidedata` VALUES(109, 4.77, 1349886600, 126, NULL, NULL, -1);
INSERT INTO `tidedata` VALUES(110, 5.46, 1350060840, 128, NULL, NULL, 1);
INSERT INTO `tidedata` VALUES(111, 5.08, 1350065520, 129, NULL, NULL, -1);
INSERT INTO `tidedata` VALUES(112, 5.1, 1349971920, 130, NULL, NULL, 1);
INSERT INTO `tidedata` VALUES(113, 5.11, 1349972280, 131, NULL, NULL, 1);
INSERT INTO `tidedata` VALUES(114, 5.53, 1350146160, 132, NULL, NULL, 1);
INSERT INTO `tidedata` VALUES(115, 5.18, 1350144360, 133, NULL, NULL, 1);
INSERT INTO `tidedata` VALUES(116, 0.55, 1350169560, 134, NULL, NULL, -1);
INSERT INTO `tidedata` VALUES(117, 3.87, 1350227160, 135, NULL, NULL, 1);
INSERT INTO `tidedata` VALUES(118, 5.44, 1350320040, 136, NULL, NULL, 1);
INSERT INTO `tidedata` VALUES(119, 1.94, 1350395640, 137, NULL, NULL, 1);
INSERT INTO `tidedata` VALUES(120, 3.26, 1350563760, 138, NULL, NULL, -1);
INSERT INTO `tidedata` VALUES(121, 5.28, 1350585360, 139, NULL, NULL, 1);
INSERT INTO `tidedata` VALUES(122, 2.65, 1350661320, 140, NULL, NULL, 1);
INSERT INTO `tidedata` VALUES(123, 5.23, 1350675360, 141, NULL, NULL, 1);
INSERT INTO `tidedata` VALUES(124, 5.52, 1351093680, 142, NULL, NULL, 1);
INSERT INTO `tidedata` VALUES(125, 5.46, 1351185840, 143, NULL, NULL, -1);
INSERT INTO `tidedata` VALUES(126, 5.77, 1351444680, 144, NULL, NULL, 1);
INSERT INTO `tidedata` VALUES(127, 3.28, 1351458360, 145, NULL, NULL, -1);
INSERT INTO `tidedata` VALUES(128, 3.76, 1351964520, 146, NULL, NULL, 1);
INSERT INTO `tidedata` VALUES(129, 2.86, 1351989720, 147, NULL, NULL, -1);
INSERT INTO `tidedata` VALUES(130, 3.47, 1352041920, 149, NULL, NULL, -1);
INSERT INTO `tidedata` VALUES(131, 3.37, 1352133360, 150, NULL, NULL, -1);
INSERT INTO `tidedata` VALUES(132, 3.52, 1352220480, 151, NULL, NULL, -1);
INSERT INTO `tidedata` VALUES(133, 3.46, 1352051280, 152, NULL, NULL, 1);
INSERT INTO `tidedata` VALUES(134, 4.26, 1352214720, 153, NULL, NULL, -1);
INSERT INTO `tidedata` VALUES(135, 5.78, 1352656800, 155, NULL, NULL, -1);
INSERT INTO `tidedata` VALUES(136, 5.56, 1352822400, 156, NULL, NULL, 1);
INSERT INTO `tidedata` VALUES(137, 6.03, 1352912760, 157, NULL, NULL, 1);
INSERT INTO `tidedata` VALUES(138, 0.94, 1353113280, 158, NULL, NULL, -1);
INSERT INTO `tidedata` VALUES(139, 5.74, 1353278160, 159, NULL, NULL, -1);
INSERT INTO `tidedata` VALUES(140, 2.6, 1353537720, 160, NULL, NULL, 1);
INSERT INTO `tidedata` VALUES(141, 2.74, 1353610080, 161, NULL, NULL, -1);
INSERT INTO `tidedata` VALUES(142, 4.11, 1353694680, 162, NULL, NULL, -1);
INSERT INTO `tidedata` VALUES(143, 0.94, 1354498920, 163, NULL, NULL, -1);
INSERT INTO `tidedata` VALUES(144, 4.8, 1354574880, 164, NULL, NULL, -1);
INSERT INTO `tidedata` VALUES(145, 3.02, 1354639320, 165, NULL, NULL, -1);
INSERT INTO `tidedata` VALUES(146, 3.16, 1354901400, 166, NULL, NULL, -1);
INSERT INTO `tidedata` VALUES(147, 1.79, 1354902480, 167, NULL, NULL, -1);
INSERT INTO `tidedata` VALUES(148, 1.46, 1354988880, 168, NULL, NULL, -1);
INSERT INTO `tidedata` VALUES(149, 0.73, 1355078520, 169, NULL, NULL, -1);
INSERT INTO `tidedata` VALUES(150, 2.76, 1355160600, 170, NULL, NULL, -1);
INSERT INTO `tidedata` VALUES(151, 3.07, 1355159880, 171, NULL, NULL, -1);
INSERT INTO `tidedata` VALUES(152, 7.18, 1355421600, 172, NULL, NULL, -1);
INSERT INTO `tidedata` VALUES(153, 5.06, 1355593320, 173, NULL, NULL, 1);
INSERT INTO `tidedata` VALUES(154, 3.94, 1355680080, 174, NULL, NULL, 1);
INSERT INTO `tidedata` VALUES(155, 1.09, 1355887800, 175, NULL, NULL, 1);
INSERT INTO `tidedata` VALUES(156, 2.16, 1355938560, 176, NULL, NULL, -1);
INSERT INTO `tidedata` VALUES(157, 2.5, 1356468120, 177, NULL, NULL, -1);
INSERT INTO `tidedata` VALUES(158, 0.78, 1356482880, 178, NULL, NULL, -1);
INSERT INTO `tidedata` VALUES(159, -0.08, 1356740640, 179, NULL, NULL, -1);
INSERT INTO `tidedata` VALUES(160, 0.98, 1356923520, 180, NULL, NULL, -1);
INSERT INTO `tidedata` VALUES(161, 4.39, 1356798240, 181, NULL, NULL, 1);
INSERT INTO `tidedata` VALUES(162, 1.37, 1356977520, 182, NULL, NULL, -1);
INSERT INTO `tidedata` VALUES(163, 0.73, 1356991200, 183, NULL, NULL, 1);
INSERT INTO `tidedata` VALUES(164, 1.3, 1357006320, 184, NULL, NULL, -1);
INSERT INTO `tidedata` VALUES(165, 1.03, 1357086600, 185, NULL, NULL, 1);
INSERT INTO `tidedata` VALUES(166, 5.17, 1357073640, 186, NULL, NULL, 1);
INSERT INTO `tidedata` VALUES(167, 2.59, 1357239960, 187, NULL, NULL, 1);
INSERT INTO `tidedata` VALUES(168, 1.37, 1357418880, 188, NULL, NULL, 1);
INSERT INTO `tidedata` VALUES(169, 0.28, 1357516800, 190, NULL, NULL, -1);
INSERT INTO `tidedata` VALUES(170, 0.3, 1357531560, 191, NULL, NULL, 1);
INSERT INTO `tidedata` VALUES(171, 5.56, 1358024760, 192, NULL, NULL, -1);
INSERT INTO `tidedata` VALUES(172, -0.18, 1358125920, 193, NULL, NULL, -1);
INSERT INTO `tidedata` VALUES(173, 6.5, 1358109360, 194, NULL, NULL, -1);
INSERT INTO `tidedata` VALUES(174, 0, 0, 0, NULL, NULL, NULL);
INSERT INTO `tidedata` VALUES(175, 0, 0, 0, NULL, NULL, NULL);
INSERT INTO `tidedata` VALUES(176, 0, 0, 0, NULL, NULL, NULL);
INSERT INTO `tidedata` VALUES(177, 0, 0, 0, NULL, NULL, NULL);
INSERT INTO `tidedata` VALUES(178, 3, 1358499600, 256, '9414290', NULL, 1);
INSERT INTO `tidedata` VALUES(179, 3, 1358499600, 257, '9414290', NULL, 1);
INSERT INTO `tidedata` VALUES(180, 1, 1358488800, 258, '9414290', NULL, 1);
INSERT INTO `tidedata` VALUES(181, 3, 1358499960, 259, '9414290', NULL, 1);
INSERT INTO `tidedata` VALUES(182, 3.61, 1358499960, 260, '9414290', NULL, 1);
INSERT INTO `tidedata` VALUES(183, 2.9, 1358548920, 261, '9414290', NULL, 1);
INSERT INTO `tidedata` VALUES(184, 3.34, 1358551800, 262, '9414290', NULL, 1);
INSERT INTO `tidedata` VALUES(185, 3.39, 1358552160, 263, '9414290', NULL, 1);
INSERT INTO `tidedata` VALUES(186, 3.39, 1358552160, 264, '9414290', NULL, 1);
INSERT INTO `tidedata` VALUES(187, 3.39, 1358552160, 265, '9414290', NULL, 1);
INSERT INTO `tidedata` VALUES(188, 3.39, 1358552160, 266, '9414290', NULL, 1);
INSERT INTO `tidedata` VALUES(189, 3.48, 1358552880, 267, '9414290', NULL, 1);
INSERT INTO `tidedata` VALUES(190, 3.48, 1358552880, 268, '9414290', NULL, 1);
INSERT INTO `tidedata` VALUES(191, 3.48, 1358552880, 269, '9414290', NULL, 1);
INSERT INTO `tidedata` VALUES(192, 3.48, 1358552880, 270, '9414290', NULL, 1);
INSERT INTO `tidedata` VALUES(193, 3.48, 1358552880, 271, '9414290', NULL, 1);
INSERT INTO `tidedata` VALUES(194, 3.48, 1358552880, 272, '9414290', NULL, 1);
INSERT INTO `tidedata` VALUES(195, 3.53, 1358553240, 273, '9414290', NULL, 1);
INSERT INTO `tidedata` VALUES(196, 3.67, 1358554680, 274, '9414290', NULL, 1);
INSERT INTO `tidedata` VALUES(197, 3.71, 1358555040, 275, '9414290', NULL, 1);
INSERT INTO `tidedata` VALUES(198, 3.71, 1358555040, 276, '9414290', NULL, 1);
INSERT INTO `tidedata` VALUES(199, 3.71, 1358555040, 277, '9414290', NULL, 1);
INSERT INTO `tidedata` VALUES(200, 3.73, 1358555400, 278, '9414290', NULL, 1);
INSERT INTO `tidedata` VALUES(201, 3.73, 1358555400, 279, '9414290', NULL, 1);
INSERT INTO `tidedata` VALUES(202, 3.76, 1358555760, 280, '9414290', NULL, 1);
INSERT INTO `tidedata` VALUES(203, 3.76, 1358555760, 281, '9414290', NULL, 1);
INSERT INTO `tidedata` VALUES(204, 3.78, 1358556120, 282, '9414290', NULL, 1);
INSERT INTO `tidedata` VALUES(205, 3.78, 1358556120, 283, '9414290', NULL, 1);
INSERT INTO `tidedata` VALUES(206, 3.78, 1358556120, 284, '9414290', NULL, 1);
INSERT INTO `tidedata` VALUES(207, 3.8, 1358556480, 285, '9414290', NULL, 1);
INSERT INTO `tidedata` VALUES(208, 3.8, 1358556480, 286, '9414290', NULL, 1);
INSERT INTO `tidedata` VALUES(209, 3.8, 1358556480, 287, '9414290', NULL, 1);
INSERT INTO `tidedata` VALUES(210, 3.8, 1358556480, 288, '9414290', NULL, 1);
INSERT INTO `tidedata` VALUES(211, 3.58, 1358563320, 289, '9414290', NULL, -1);
INSERT INTO `tidedata` VALUES(212, 3.36, 1358565120, 290, '9414290', NULL, -1);
INSERT INTO `tidedata` VALUES(213, 3.31, 1358565480, 291, '9414290', NULL, -1);
INSERT INTO `tidedata` VALUES(214, 2.08, 1358543880, 292, '9414290', NULL, 1);
INSERT INTO `tidedata` VALUES(215, 2.11, 1358574480, 293, '9414290', NULL, -1);
INSERT INTO `tidedata` VALUES(216, 1.19, 1358628840, 297, '9414290', NULL, 1);
INSERT INTO `tidedata` VALUES(217, 1.19, 1358628840, 298, '9414290', NULL, 1);
INSERT INTO `tidedata` VALUES(218, 3.75, 1358649360, 299, '9414290', NULL, 1);
INSERT INTO `tidedata` VALUES(219, 3.75, 1358649720, 300, '9414290', NULL, NULL);
INSERT INTO `tidedata` VALUES(220, 3.68, 1358653320, 301, '9414290', NULL, -1);
INSERT INTO `tidedata` VALUES(221, 3.36, 1358656920, 302, '9414290', NULL, -1);
INSERT INTO `tidedata` VALUES(222, 3.66, 1358653680, 303, '9414290', NULL, -1);
INSERT INTO `tidedata` VALUES(223, 0, 1358665580, 304, '9414290', NULL, NULL);
INSERT INTO `tidedata` VALUES(224, 0, 1358665800, 306, '9414290', NULL, NULL);
INSERT INTO `tidedata` VALUES(225, -99.99, 1358665840, 307, '9414290', NULL, NULL);
INSERT INTO `tidedata` VALUES(226, 0, 1358665875, 308, '9414290', NULL, NULL);
INSERT INTO `tidedata` VALUES(227, 0, 1358665896, 309, '9414290', NULL, NULL);
INSERT INTO `tidedata` VALUES(228, -99.99, 1358665920, 310, '9414290', NULL, NULL);
INSERT INTO `tidedata` VALUES(229, -99.99, 1358665920, 311, '9414290', NULL, NULL);
INSERT INTO `tidedata` VALUES(230, -99.99, 1358666280, 312, '9414290', NULL, NULL);
INSERT INTO `tidedata` VALUES(231, -99.99, 1358744040, 314, '9414290', '', NULL);
INSERT INTO `tidedata` VALUES(232, -99.99, 1358744040, 315, '9414290', '3.87', -1);
INSERT INTO `tidedata` VALUES(233, 1.18, 1358723160, 316, '9414290', '1.29', 1);
INSERT INTO `tidedata` VALUES(234, 1.32, 1360683720, 317, '9414290', '1.65', NULL);
INSERT INTO `tidedata` VALUES(235, -99.99, 1360908000, 318, '9414290', NULL, 0);
INSERT INTO `tidedata` VALUES(236, -99.99, 1360909080, 319, '9414290', '', 1);
INSERT INTO `tidedata` VALUES(237, -99.99, 1360909080, 322, '9414290', '2.43', 1);
INSERT INTO `tidedata` VALUES(238, 1.06, 1360898640, 323, '9414290', '1.53', 1);
INSERT INTO `tidedata` VALUES(239, 0, 0, 0, '', '', 0);
INSERT INTO `tidedata` VALUES(240, 0, 0, 0, '', '', 0);

-- --------------------------------------------------------

--
-- Table structure for table `tidestation`
--

CREATE TABLE `tidestation` (
  `stationid` varchar(50) NOT NULL DEFAULT '',
  `stationname` varchar(50) DEFAULT NULL,
  PRIMARY KEY (`stationid`)
) ENGINE=InnoDB DEFAULT CHARSET=latin1;

--
-- Dumping data for table `tidestation`
--

INSERT INTO `tidestation` VALUES('1615680', 'Kahului, HI');
INSERT INTO `tidestation` VALUES('9410170', NULL);
INSERT INTO `tidestation` VALUES('9410230', NULL);
INSERT INTO `tidestation` VALUES('9414290', 'San Francisco, CA');

-- --------------------------------------------------------

--
-- Table structure for table `tidestation_location`
--

CREATE TABLE `tidestation_location` (
  `tidestationid` varchar(50) NOT NULL,
  `locationid` int(11) NOT NULL,
  `created` timestamp NOT NULL DEFAULT CURRENT_TIMESTAMP,
  PRIMARY KEY (`tidestationid`,`locationid`)
) ENGINE=InnoDB DEFAULT CHARSET=utf8;

--
-- Dumping data for table `tidestation_location`
--

INSERT INTO `tidestation_location` VALUES('1615680', 5, '2013-01-17 22:26:39');
INSERT INTO `tidestation_location` VALUES('1615680', 9, '2013-01-17 22:26:39');
INSERT INTO `tidestation_location` VALUES('1615680', 11, '2013-01-17 22:26:39');
INSERT INTO `tidestation_location` VALUES('1615680', 14, '2013-01-17 22:26:39');
INSERT INTO `tidestation_location` VALUES('1615680', 17, '2013-01-17 22:26:39');
INSERT INTO `tidestation_location` VALUES('1615680', 23, '2013-01-17 22:26:39');
INSERT INTO `tidestation_location` VALUES('9410170', 4, '2013-01-17 22:26:39');
INSERT INTO `tidestation_location` VALUES('9410170', 12, '2013-01-17 22:26:39');
INSERT INTO `tidestation_location` VALUES('9410170', 24, '2013-01-17 22:26:39');
INSERT INTO `tidestation_location` VALUES('9410170', 25, '2013-01-17 22:26:39');
INSERT INTO `tidestation_location` VALUES('9410230', 18, '2013-01-17 22:26:39');
INSERT INTO `tidestation_location` VALUES('9410230', 20, '2013-01-17 22:26:39');
INSERT INTO `tidestation_location` VALUES('9410230', 26, '2013-01-17 22:26:39');
INSERT INTO `tidestation_location` VALUES('9410230', 28, '2013-01-17 22:26:39');
INSERT INTO `tidestation_location` VALUES('9414290', 1, '2013-01-17 22:26:39');
INSERT INTO `tidestation_location` VALUES('9414290', 2, '2013-01-17 22:26:39');
INSERT INTO `tidestation_location` VALUES('9414290', 10, '2013-01-17 22:26:39');
INSERT INTO `tidestation_location` VALUES('9414290', 13, '2013-01-17 22:26:39');
INSERT INTO `tidestation_location` VALUES('9414290', 15, '2013-01-17 22:26:39');
INSERT INTO `tidestation_location` VALUES('9414290', 16, '2013-01-17 22:26:39');
INSERT INTO `tidestation_location` VALUES('9414290', 19, '2013-01-17 22:26:39');
INSERT INTO `tidestation_location` VALUES('9414290', 21, '2013-01-17 22:26:17');
INSERT INTO `tidestation_location` VALUES('9414290', 22, '2013-01-17 22:26:39');
INSERT INTO `tidestation_location` VALUES('9414290', 27, '2013-01-17 22:26:39');

-- --------------------------------------------------------

--
-- Table structure for table `usercookie`
--

CREATE TABLE `usercookie` (
  `userid` int(11) NOT NULL DEFAULT '0',
  `userkey` varchar(255) NOT NULL DEFAULT '',
  `time` timestamp NULL DEFAULT CURRENT_TIMESTAMP,
  PRIMARY KEY (`userid`,`userkey`)
) ENGINE=InnoDB DEFAULT CHARSET=latin1;

--
-- Dumping data for table `usercookie`
--

INSERT INTO `usercookie` VALUES(1, '016e1c4f2da053dbdecfef7c09932a1c', '2013-03-04 23:13:01');
INSERT INTO `usercookie` VALUES(1, 'ac59888e685dd75c13a8578314d051f6', '2013-02-15 23:19:59');
INSERT INTO `usercookie` VALUES(1, 'e9f51b762525bb97422a1a9b13fd4b60', '2013-01-25 09:55:56');
INSERT INTO `usercookie` VALUES(4, '137412a6c98cd3b29524c732859517f1', '2013-01-12 12:16:25');
INSERT INTO `usercookie` VALUES(4, '14f9cfc037c03bd35099b637e3786d72', '2013-01-15 00:42:33');
INSERT INTO `usercookie` VALUES(4, '874924b42b4b1ddbd1bfd83879b2f210', '2013-01-07 17:03:13');
INSERT INTO `usercookie` VALUES(8, '3d93ab551dc2d110d301b2414ef6be60', '2012-01-23 17:46:12');
INSERT INTO `usercookie` VALUES(9, '7b0bd76d0e5951f08230823c4c8f0436', '2012-02-09 08:20:38');
INSERT INTO `usercookie` VALUES(11, '185d86ca90972b25a8e7846820c04418', '2012-02-29 01:06:12');
INSERT INTO `usercookie` VALUES(12, '50e0c61eab80654c4d753e8d36f48711', '2012-04-15 13:39:22');
INSERT INTO `usercookie` VALUES(13, '3e5b9108f5b3ca01838ac70ac0f19333', '2012-05-09 23:33:35');
INSERT INTO `usercookie` VALUES(14, '9c53b66e4ba2dae4104b101c2cc023af', '2012-05-13 22:14:41');
INSERT INTO `usercookie` VALUES(15, '18c16a005abff4c5d65f39ea03c8f129', '2012-05-23 13:35:23');
INSERT INTO `usercookie` VALUES(15, '27d6e907ffd13704370c4542088a6ecc', '2012-05-24 10:25:12');
INSERT INTO `usercookie` VALUES(15, '6af8a128b5a516aa58f2a887be310fcd', '2012-06-10 21:01:28');
INSERT INTO `usercookie` VALUES(16, 'ba1d1dbcfaa03377457cd45a59aa8edf', '2012-05-29 00:46:28');
INSERT INTO `usercookie` VALUES(18, '9c2876bf6848aca32023b1a440d98618', '2012-07-03 21:48:01');
INSERT INTO `usercookie` VALUES(20, '67242883afe26d0e8acc8551044a0f69', '2012-07-10 12:00:49');
INSERT INTO `usercookie` VALUES(22, '0f75eeaaf2c5cccb8299962befff8dfa', '2012-09-02 21:25:25');
INSERT INTO `usercookie` VALUES(23, '6598e8e883a62a9ac960635a2348b225', '2012-09-14 16:14:46');
INSERT INTO `usercookie` VALUES(24, '0f07f21eed290d11bd1ed425cd96b5ca', '2012-11-25 10:15:45');
INSERT INTO `usercookie` VALUES(25, '5433f951f8a44490800285e1d6f064d7', '2012-12-06 02:44:49');
INSERT INTO `usercookie` VALUES(26, '39062ecb031e3e46b5890e02e450ebae', '2013-01-08 23:44:03');
INSERT INTO `usercookie` VALUES(26, 'e54c64cd0b6e8be83d885e1f3515d999', '2013-01-06 23:27:23');
